-- phpMyAdmin SQL Dump
-- version 5.2.1
-- https://www.phpmyadmin.net/
--
-- Host: 127.0.0.1
-- Generation Time: May 13, 2024 at 12:33 AM
-- Server version: 10.4.32-MariaDB
-- PHP Version: 8.2.12

SET SQL_MODE = "NO_AUTO_VALUE_ON_ZERO";
START TRANSACTION;
SET time_zone = "+00:00";


/*!40101 SET @OLD_CHARACTER_SET_CLIENT=@@CHARACTER_SET_CLIENT */;
/*!40101 SET @OLD_CHARACTER_SET_RESULTS=@@CHARACTER_SET_RESULTS */;
/*!40101 SET @OLD_COLLATION_CONNECTION=@@COLLATION_CONNECTION */;
/*!40101 SET NAMES utf8mb4 */;

--
-- Database: `abbie_communication`
--

-- --------------------------------------------------------

--
-- Table structure for table `akun`
--

CREATE TABLE `akun` (
  `id_akun` char(14) NOT NULL,
  `username` varchar(15) NOT NULL,
  `password` varchar(40) NOT NULL,
  `id_user` char(7) NOT NULL
) ENGINE=InnoDB DEFAULT CHARSET=utf8mb4 COLLATE=utf8mb4_general_ci;

--
-- Dumping data for table `akun`
--

INSERT INTO `akun` (`id_akun`, `username`, `password`, `id_user`) VALUES
('0008230979', 'ilman', '7c222fb2927d828af22f592134e8932480637c0d', 'USR6816'),
('0008256051', 'azkia', '7c222fb2927d828af22f592134e8932480637c0d', 'USR2640');

-- --------------------------------------------------------

--
-- Table structure for table `data_pengguna`
--

CREATE TABLE `data_pengguna` (
  `id_user` char(7) NOT NULL,
  `nik` char(16) NOT NULL,
  `nama` varchar(25) NOT NULL,
  `noHp` char(13) NOT NULL,
  `alamat` varchar(50) NOT NULL,
  `posisi` char(7) NOT NULL
) ENGINE=InnoDB DEFAULT CHARSET=utf8mb4 COLLATE=utf8mb4_general_ci;

--
-- Dumping data for table `data_pengguna`
--

INSERT INTO `data_pengguna` (`id_user`, `nik`, `nama`, `noHp`, `alamat`, `posisi`) VALUES
('USR2640', '3313456765432154', 'azkia', '086754323123', 'baron', 'admin'),
('USR6816', '3314356743452785', 'ilman nafian', '085234523468', 'sragen', 'owner');

-- --------------------------------------------------------

--
-- Table structure for table `detail_transaksi_diskon`
--

CREATE TABLE `detail_transaksi_diskon` (
  `id_transaksi` char(11) DEFAULT NULL,
  `kode_diskon` char(9) DEFAULT NULL,
  `total_diskon` int(10) DEFAULT NULL
) ENGINE=InnoDB DEFAULT CHARSET=utf8mb4 COLLATE=utf8mb4_general_ci;

--
-- Dumping data for table `detail_transaksi_diskon`
--

INSERT INTO `detail_transaksi_diskon` (`id_transaksi`, `kode_diskon`, `total_diskon`) VALUES
('26948541719', 'DSC6187', 15000),
('17456321465', 'DSC5301', 5000),
('01165596265', 'DSC5301', 5000),
('65185918963', 'DSC5301', 5000),
('90342266220', 'DSC5301', 5000),
('43441606472', 'DSC6187', 1000);

-- --------------------------------------------------------

--
-- Table structure for table `laporan`
--

CREATE TABLE `laporan` (
  `id_laporan` int(7) NOT NULL,
  `tanggal` date NOT NULL,
  `pemasukan_penjualan` int(10) NOT NULL,
  `pemasukan_service` int(10) NOT NULL,
  `jumlah_pengeluaran` int(10) NOT NULL,
  `id_user` char(7) DEFAULT NULL
) ENGINE=InnoDB DEFAULT CHARSET=utf8mb4 COLLATE=utf8mb4_general_ci;

--
-- Dumping data for table `laporan`
--

INSERT INTO `laporan` (`id_laporan`, `tanggal`, `pemasukan_penjualan`, `pemasukan_service`, `jumlah_pengeluaran`, `id_user`) VALUES
(876509, '2024-03-31', 500000, 0, 50000, 'USR0377'),
(876510, '2024-03-27', 0, 50000, 0, 'USR0377'),
(876511, '2024-03-25', 0, 50000, 0, 'USR0377'),
(876712, '2024-04-01', 405000, 0, 0, 'USR0377'),
(876726, '2024-04-19', 60000, 50000, 0, 'USR0377'),
(876747, '2024-04-23', 90000, 0, 0, 'USR6816'),
(876748, '2024-04-20', 0, 20000, 0, 'USR6816'),
(876817, '2024-04-27', 2295000, 0, 0, 'USR6816'),
(876822, '2024-04-28', 180000, 190000, 0, 'USR6816'),
(876823, '2024-04-29', 6040000, 250000, 0, 'USR6816'),
(876828, '2024-04-30', 3500000, 25000, 0, 'USR6816'),
(876832, '2024-05-02', 1000000, 0, 0, 'USR6816'),
(876833, '2024-05-03', 4190000, 0, 0, 'USR6816'),
(876861, '2024-05-04', 500000, 0, 0, 'USR6816'),
(876874, '2024-05-05', 1770000, 95000, 65000, 'USR6816'),
(876922, '2024-05-06', 150000, 50000, 150000, 'USR6816'),
(876962, '2024-05-07', 100000, 50000, 0, 'USR6816'),
(876979, '2024-05-11', 5365000, 125000, 930000, 'USR6816');

-- --------------------------------------------------------

--
-- Table structure for table `member`
--

CREATE TABLE `member` (
  `id_member` char(10) NOT NULL,
  `nama_member` varchar(25) NOT NULL,
  `tlp_member` char(13) NOT NULL,
  `alamat_member` varchar(50) NOT NULL
) ENGINE=InnoDB DEFAULT CHARSET=utf8mb4 COLLATE=utf8mb4_general_ci;

--
-- Dumping data for table `member`
--

INSERT INTO `member` (`id_member`, `nama_member`, `tlp_member`, `alamat_member`) VALUES
('MBR5159', 'huda', '085643213456', 'nganjuk'),
('MBR7538', 'ilman', '085678564321', 'sragen'),
('MBR9883', 'azka', '086543567543', 'nganjuk');

-- --------------------------------------------------------

--
-- Table structure for table `produk`
--

CREATE TABLE `produk` (
  `id_produk` char(13) NOT NULL,
  `nama_produk` varchar(35) NOT NULL,
  `kategori` varchar(30) NOT NULL,
  `jumlah` int(5) NOT NULL,
  `harga` int(10) NOT NULL,
  `id_supplier` char(7) NOT NULL,
  `barcode` blob DEFAULT NULL
) ENGINE=InnoDB DEFAULT CHARSET=utf8mb4 COLLATE=utf8mb4_general_ci;

--
-- Dumping data for table `produk`
--

INSERT INTO `produk` (`id_produk`, `nama_produk`, `kategori`, `jumlah`, `harga`, `id_supplier`, `barcode`) VALUES
('201907220757', 'casing samsung galaxy', 'Accessories', 25, 30000, 'SPA6044', 0x47494638396159015700f10000000000ff0000ffffff0000002c00000000590157004108ff0005081c48b0a0c18302010458c8b0e141850100481c2811c0c085022a5634b8b160c78c1a35529ce831e4479327437254999025488b2d61be4c29b224ca95323fe2dc69d3e448993c09d2f469f327c2a348932a45da7121498118133a85d8322a46a2429f1a8d8955275797289f62fd3954acd99c605d92551b73eb43ad6d7ba6055ab4ee4cb62fdd2eddcb972fcda35de1dea59bd76e58b4840fafad39186759c46e03335eecb5b0e5a07abf32ae9cd9b262c382fb8a1e1d39b4e6ce63e366452cd9f15cc995619f2dbd19efe7d59d510bbecd5935edd49e4d931ebef42fc2d67213ef3e8b7cb5ecda934f4b0fce9af9f29ba009eb568efdb2dddfb66713ff1fdfd7f85be8aeb907e57dfdf9e3f48b69c79f4ef97a6edff8079bc7acfab67cf2002ab55f72dbc5669f6603ea671d740632281e75ef25d7e07dde55c89e76f93d36617e0176f8df790902b7a1829049b86084ce2df8e173e98dd89b85edcd05d88124ae279c870026381f8cd1f1585f89293a28247cd399c7a289ea7198618ce81d47a37ffddd88e3783a4e69e595585689e5965c52f96097a26108667114095552460995a9a64763b669654e6ba2f990996a8ae9e69d39923415410c491511552059154063df45d95d83eea94860910f1e19a48bc28df823859076f7219ee57db9288f921adadca4082a1ae48e46bec664a53326f9a8a6b8652722ab980aff082ba3dc750aa18c48824ae8a8b482575dade101c91fa7b89e67a3a586c61ae6acbb224aa3af2186a5ebab43264babb33d6a69eb85a91e4b2d85ca1aab64b34c0eab21ab173a4a6ab12852fbedb8db4a0bef93f2b65a61b8ddcedb24aff6428b6ebde996dbaba7a2ea7a69a1c4ee6bee89f4da89afbd2f7e4adf92bf467b28c0c1b6dba8a9c066cb6cbc178b59e9bbf73e7c6caa16833ceda90cff4a24b940aa1baaaa113f3b33a50d93fca2c907f38bedc215ff1bb2cc3097eaf2c43566976fbf37ebeb6db0e0620a27cf1cada9d5d4535b1d27d50f63bd355018d22525d764976df6d968a7ad36537afec9e7a04e4d65514383423528c9fe0adb74d2bbaeffbbafc61e234bddd205160bb4c1d6aadd94db17d59d91dc740bda37c52b777ceed13eb32baabb503b8d30b74ed25c6fcf662fae55548fff19b9e47813acf0de0177ecb7af3b223e78e8404bccf4ad8147cdb3b686233d72f07cc7fe727380638b2aee9f632c72ce9d974c36f0af4fee23ec2c078db9df46739ffdc9ccef0ebab8108f9e78dad4a76c33efea0b89a2f7316f9e71f435ab5a39e1ae2faff8c7c4b7cebed089dadeb5368639cef5ce73e2731efefe273a87fd8e7fd5f3dfe50ae7be820d307e059cdf01a50732dd6dc7765ae25afa00b8be09522c80b5bbe08a38d6a2862d5079107cda067746b511eacd7ac38ba0f388e628a3bd6f6fa4a35caeff109837f0edef86b3dbd407b167b996a5b06804845f0b1bf8c2ef11317f2e5c9b0d297838264eb1723f1b18ef9e08a5db918f82d493a1fed007c1f675b178568463e000473be199cf8c6fbc5ff88aa8342db69184f6c3e20d63f7432862508a432cdff30229c72a6acf886c44a218c9083d1d0e8d859b429efce648bf489550817b142424d1b6c5137ef291a6aca0000db9c26aad8a8aa14c581a5dd549079aac94097be3f8c088c9ccfd6d933084e51953394b45ea6c6cb764d6da968947663af37ca454e633a329c96946d277cab265acb226a73479939b61b3e69d60024ee7b0c94cda146780d299cd3881ad4e5a3ba73ac124b678da339cf3cca73ef7c9ffcf7e6ec9748b34cf55a2c747593ad18eaef4a105f916c4ebbd12670d3c263bb3d9b6d335042215599ddd7058c9f69990a309256021cb584c34c69096334466d72a0a14d461f4290e11c0403758d060f25276624c5e1c1bda41e22d91a1d03c1b40df4691a95c1450335599171369bc4c6a2e839c4ce92273e7532102b59942652951fd2491a840a46e493da51e1fcac430c2ac8e2095a823bf7845068e32ab30d953e38afaa7af468475041525310f9ad64da2d5806b6c5e13ab99c3c0c215a26e14ec586f3ad25e2a7495243d690243b6562006b5747f1c645eddba5754f615aa7fd5a0617fba58c55a16ab98256cff36fb519b96556067751d250557d2ceff42548d593c226201a94b5092558e66d524545dabc8cafeb67eb815e635f595d8c99616b8bd44a4197978c7da1a54b511ade5327169d69feef2b5ae94ee6367abd6581217b9281d6dd9b80b5beffa96b10beda148e35b5dc99a14bbc97d6b6a77ab599aeaf5ba373dde53a50b42fbdab6ad1f6da80833cb45d33692a93b84ad70097c5aeb9ed793d995ea76199ccade5216c297c4696cc788d0f20e13c008e6ab826bc8e15c3af8bbd00daf0a13475dda1a18c51cec686e979b634b2af5c1c78db088273ce3dff2f4941eb46a64abb960ec36d7bd1f0e728805fccbe1eef4b2567d2e944dcce3fa3d59c9ef056f63438ac13173d9c15a06b38d99cc6227f3f6ffc5618eb199fd2adb126bd7bc7144af31efac5be6bed9b94b95728de958e7cfaad7a16976e892b1b95237f7f7c73026247dc91cdaa81ebaa7d5db329fbb8ce12f2b3ace9286ac63e72bea35df56b049feb4a9c7d564fe3618d040866fa9094d6243ef18cd81f6f0990febe7478b35d7629e34ad753a58fd6619d8b05e34abdbecea0ec339cab2262f9d6b0dd85bc33ad185b5f67e7bfd6a4dfb986373066da1abad5c5cc7fad9bbde768f3d9d6d5fab52dae2a6b668b57dec7327bbbe6c7ea0a3bbad66dd851ade4994b7a5e98d68647bfbd0ade6b6b3ef0ded60cf7adac4666b71f15cec147b76c5fa6eb68b19ee6f21873be0114fe4911909e383133ce1ebb5feb3c9dddd5a0d821c9857466dbd4bdeef4d5353e3ddadf9b7df6de77887dcc8582eb8bd576eece949d39f14cd37d2a576f4642a7de9e36c3ad4dd1442662f7bea517f3ad6e92975aaab34e9f2f44d5918bd75c28d9d2b5f097bd9c93351aac3f39ddffcda9cd64e256f76d3ee223b13ddd98e3e77d28924e5acdade879335b8e39d4e656afbe0b7b65ebfcfbdf0735f7c9810cf4d798aad4792671b0df1e595cb83ed6a72c97c7114663f7c8afef4a84ffd330302003b),
('201907220767', 'kardus', 'Accessories', 1, 100000, 'SPP5581', 0x47494638396159015700f00000000000ffffff2c00000000590157004008ff0003081c48b0a0c1830201281ca81000c2000d1b325c5830224582122b5eb41871a2438d1c3f420c2992a34193092d7a5c99b263cb8c18499edc7871a64896236f228469b3e7c3963879fe1c4ab4e84f984263bacc6933a9539a21717a4499932ad5a9509142c55a5225c8ab40c31e7cda55e7d89a207d1edd2ad6a8dbb744b59ae52af5255aa669ed2e256b55a6dea659d9e2ad1ad82c49c382d506bdab38afd2b88293c29d4c59eec3be8897d61d7c787367bd72f9165e5c36f4ddcf8fdb3a260d79aeeac1972333a64cdba8e59d5e61ff5d2d16b5e8bd7e0967365d963471c09a7bcfd6cd79f966cfce9517af4dfdededb3c0879fde5e3af76fe2c7bf8eff964e77b752b0cd5d33bf1e5b3dd9d6acabcb87ffbafcfadcd0bb67470e7efc79ffd761f61d77cfbdc61e6eee11385480d1cd27df81ff4d176163e961c65f61e14d681e83d90d985981f749d8de88bc61179f83283a26d986dcbda762701e7295a17d164a3723680a32971f8820bab896842ba6f86062421669e4912722a9e492438ac8a45bea3db92043186904514254665991945ca6589296576a79936b517669266d10d2d8628ec679b766876e26279c9a40c619e38b097e585f893b2e285b99679ab8e79c06e257a87e10fa06a3a18436cae18dc2f918a4a40d4eca268249065a549a2c6aa7676a9112192aa2fed1c9a1a96f529aa75a41f678a9a0e969ff6a9da8742247617f4e8e2a63a99d9eda6baa395afa69ab83fa4862acb2da466ba7b696886b7e02daf966ad36f2aa2b9ec7660aebad95fe99acb2b952ab21a86dee271e9ce836ebe89f90a2a66d9f3af279287dc87eeb67b8cc9ecb2da9b92a1a9579a8d6a99f7dbb0ebb9caaf4ee4b2fa7f6822a6ca28caa5a6384cf02fcabc0015f68f0aad8de9beda02712db30c313133c2f8efd2efa6fa3199377b1c6ac1e1c6cb71c938ba9cb0d87a973ce624e5425963aebf425d03cdb3bf4d03d134d34d24537edf4d350472df5d4c73e2c2a7a12c70933ca26af6b6e85d6ba8bb3c22017fb6accf8164db2d6fa3a8be1d52a47eba9b819621ddcbb27c76bf3de22fbff2af5da5f779d75e05c17cef2cb38cbbdb5c3326f9cb0db80fa1d35e010cb3978e572b72b2dc688533c73cd78ef0d6fd5cbaa5d7ac916875830b49b6b9e6ee29b2f1e3ac21edf2c7ac77af34c39dc967f8efab5c0dbfd7abd8a9f4bfbb663db4ef68fa1eb7e3adbe3c2ebefe2fefe46378011df9d3cdfa5bbfa29e9693b9ff6efc2a34d7edcb1b7ed75b9826b5feff27d374e21da3ce6bc7bcabd6f7cfecad54f9b2fd80333dee73ef63ee5416e61ddb3dff3087738d519ee4ec1cbdef01e1536f7018e7eb5435eee600728a32d1073afaa58883257c109b2ab84e5339be332b83cf0d56f641fe49db1aac5c0fe0daf65c44b9fe756a84186796f7eb8139907ffc707bdf6e9af880f44dfdcfe573709a6506fc723e0e86ce7430512b18612341f1223c83f27624f60ae7ba2b030c83c036e30871dfcd6fd58f73d1a82105d61fc22fb5227b602722f7c2a0422e3f008c32bbe117e2aa39e12d535b126e64f8cf2c39d14f3e6c2b2f5d17b7f3c60123d2542e119728e0dace3051569c629c2aa8a8f7424d52697c05192928f437ca1299f06ca553aad95814ae3999836a62cd17227ae34d3476e4925b49029975c92a5a678b9b4622aed98c05492d092c6cc65223399d08ca634a7494d24adf1503304e01b2be9c500a2318ef9fb212735e849320a518d31c45f36b949c9b7791387147ca7e1663740164ab28c767c653ad908ffc82eb6935f46bc240d039ac53c8e538fd934678352a9c248de7175d86c1d0ae538503a5a7081645ca403f109cb645d73842174271bd9693d267e1182f4e4a146131ac485a2d38f320c2940230ac7897a339e040da741f7f8b88766b0a3b2fa68497dca4541fa73a8853c29b0547acff881ce9192839a50fd47d4e90970a699d4214e2dbab29466b4938ca46229190ac52d3eb15cdb142957050ac09c46b1a93423a0539b674548c6b48ddabc2b49a99ad49b76f3ad558dab19e7ba3d7dc2549d328528486b2a4faff9ad783bfc6a602397c8dbf154942fb52b62f1ca4ea342169e276cac26317a50796db4916724abd536dbcffd9150b45a0dad5bebd9c352ff8ed1b42173a947f749d3d69a5589e0bc9e5f0f59d0b232959c61fde45833dbd0bbfa168b47d52168c16853c04a4fb0b5a52ce7fec6dbc53e37ad58b52445dbbad6e2def6b2f86ca15851c95ce33af4bafef4ac743bb7d5ac76b5b079236c7611c8dedd1e969f708def55152bdee162b2c0d6cd2f76d5abdcfe06b5bb4385af6b250a5b1352b7c2887c6a3e4dcb52f49ed3bf9a05f06427ccd89c0a17878af56a692ddbe1dc0a739810a6aa847f1bdd1bd257b6e5d5a971258bd0b3b5f4c5b18cf112474ce3d79ad8a4c345297e37aa5f062b14c8b314b2ba660c5d23e7f8c49d4bf19213cc621f7b58b70ffe6f6f034ce2bd0eb9af289ee79669bb522fbb98ff6a531d3295c14be06e62d9b14be5b182b52b57ec0215c662f62e998b4ce123afafa2f6cd709ff978de174695955256df9cf5aad6448fd7904ade3093177c4fd47e38cc211e3391ab5ce82b2339cdc053317adb8cd727c339d2d1db73992b5de03b7f56cd9ae6b2382dfbe6a9c579cab22674894d7d68f25a5ac78d5ef2ae1ded2d5fc3da885a24f5b08f6debf9a67acdc7ed71ab7ffcea404738d8d2363321a187e93caf58d73b65f6764f196a418f9ace93442ab995fa4f3d6f9acf83f5f37241dc5cd60e3adcb4b6f3a9b38ceb4dae1aaca75daf2adbfbe96a76e9cf0e9712c4a3ece0884b7cdf16bf78c583bcf18c2b13e31e5fd2c43f0ee560fa7235a6655978c8d39bf26aa97ce59b92aa2d77763430edcce630af8c31997992b1e4fc419303532d47b2f39b3ff3e750e2f99876f9b398209d3a2597b8d07119349c1bfde9b6693ad3aa7ef4ab63fd4760d6e5c9c9c513a1c9e9eb084accf7b68df6b6bbfdeda30c08003b),
('281835784436', 'LCD Oppo A5s', 'Part', 1, 550000, 'SPP9997', 0x47494638396159015700f00000000000ffffff2c00000000590157004008ff0003081c48b0a0c1830201281ca81000c3860b1342846870a2c3820d1106c88831e2468f1a397ea48850e4c38b0745aaf4685222ca8a2c2d827479d222cc972563a26c997266cf9d3a350a1d4ab46847a04857cabcc993e7c99b4f872a754af368c8a0554742cd9974e2d69136ad4ac5aa752cce9f51cb1a5dcbb6a8d29a3ac312949bf66b5aaa73e3faac9bf5ebdbbe80f3762529182e61be68b3e245ec976cdbc790efea1ddcd4abd8c48503373e7c99b162b295cf4a5e7a59a6cfc59f911245adf66fe4d76d5dcb357d96aee6c0aeaf0ed66db734e8d37b53db6e6dba37e6dc5c57ff160dbb7972e1934387e6ed9b7966b0c1d57a26ae1a77f6a996afd3ff36be79bbf9d4e79dab971d7efcd1e9cfc5671f8d17fef1e5e4a173e63e9c357bebe9fda7de80d4f1171d70fbd58760809315b89d80de59075e8207d6361f7ab75d5720720476f8df84d22d18df68caed366286106a8762859bf57721770c0288a18a1d12c8618d38e6a8238c3bf6e8e38037feb89a9091ed34d7910955a4244344360924931b2529a568171989919358e2f8218bef898819896619e6e08addf1a861752e52e6e5868e9d785f9959aeb5a59a165228a197fe35e8a6826572c8a761f6b977e69b319608669c722e072282f61917a47cfb21f6e78c8da2191e7d976678689e329ac91aa2908ae9529a950efa28a677d6c9669f6b5a6a27a0ad12ffaae9ac9ebe08eaa6ed15d7a5aa7bb6f9e6a483e20a2799b0f28addab61ce38a6ac34de1adf84c53215aba4beb6f8ddb494fa0aaca0a8965a1ead9c1eeaac507346bb6b7e349eaadfb2dbe2d799ab81ea1a6c7585266be6b8ab8a7a6c88c63a5aadabec5ecbeab0cdea172f69f3860aee8b29e2fbac9efb328a6dbaff420aec83ee529caab916675ab0c21fd77befb8563a8c6494129d5c2594282f6932be257fd411cb2b4fc9f2cb38e7acf3ce3cf7ec73bea3722998b7118a3c1cb51b67db2fbc78ca6b74c54f139c73b941db49b4c6515f4cacd2e82e6a2cb70b0f6ca8bdeac2aca8d0fa62fc35c310fb9b74ad4b778c6cc4717f1b72d8e2ee4c35ddd2d6ff5d34de5507fc76c35bf3cdb4df20874b36d40eef0df6b15d37dd29b4bd0e9eb1da1c773bb1b063937bb9de67d3d977e46b4fdef6bb1fa778b5d7d6ce0df4ddb013aeb3e34e078e3ad2590b4c3ae7b71b2c799a9d97adf8c8b3879eb9ed091f1cbcc7b83f2c76ef06cefdf8f0c2b3fd7ccfb4239c76e179ffaa3bf4aa4fccfae1e8f2eeb9e9d7f39c3da9e24bbe7ca47f33ebe7f786cb7db5f9cbdafda9b3eb7b0c7ce5b97b1be6b8063eb4f90e71f87393fe6cc53fe3558d5fbba3d7e2e08735e775af5dda3b60f90878bef7a587640eacdff652e7be096a8d84d75b9d01a3773f0ee64f82b003e1c0c637b4f695ee7d27c4e005e937bd15528f71b1fb5cf1ff66e843ffd1af7bad13dcebe667b90cb270732e54200cf777abfe59cd86765b550e7928440cfe4f848023de06e1f6332b42b0803734e1110b273b2f1a5174d04be0972c482b197ef067a0931a1ef158363bd6718f5303222003a94792e9ed662f89d9945ad2a941da88662d8b129592b497463af249d843a4caa484b29259f292ce51646d20d9b29a451294a84ca52a57c94a1f99516288539e1a05c8c62e72d189348c9ac896c8c02a86b087ae435df54c344714cad18dd2ab5d10d327c5c4f51254afac930ad3d841e4b98d970443e6c1be88cdce75d367d11c1d1ab3e8bc2d3671874dfc22303d18c66f62ef97cae4a6308148b962ea5059b5c46511d187ffc438467188a83a1ee4c609432daed198ffd4e6efdec8ce6536948ad084a73e83692a7a9eaea2e7c42742c1f84404fe738cb22364401f08cb0882cca0b4dc681b6fa9ce785aaf9f0993a348d745526962b1a0e53ce83d89a7d0d2c9537e2f9de01d7d494438d6309625ace640ed794b74a2749b0c156a3be918c3061655a03f6d9e43ad39cf8cf294a551e5e80f0ba9cb3f1275a4620deb35c378b4f82d309b604de6441f1a54a5f6d1aa6805e634c9e9bd94ee94894f5d2845dfea4daa421451e13c17414f9a53bf3655a33d6d5d0bc9682f77aa4fa2ec432a3551aa44c36a2bae501dec14eb6ad93ce6d5a5a2ade05697ba56a0c2359d615da754575b5a80ffd234ada995a55d99e7d6d1be36b03e55ab67f939dbc3c629b14735294cd1da5ac2f6d67e829d6c48fd49d9775eb5a6e24c5e52390bc0e16a55b2d18562755fe8cc4f46f4bab8dd2b4efbda59d77e977cf08de947a93bdd97217784e60c607b9dab5af00637b532a5af10671a3dac0a17a3faedae7b9fabb9ff4a77c00266a66d0b8c5dc56a77b38dddaf6fdf0b5d078bb7be65adea596fabd79b3296bd0ae6af7a716b60e28a31c2cb6d1c66dfb8e2185398a95e056c6343fb60098314c2f69df11535cbd724a678c30cd6607c433cbcda12b89e2526f27a8d8c6377ae58b62c2e2e69bd0b4e219ff1c24506d891cbcbe106fbf7c73e86b1469f0cb1282b77ffcd62ae3297fbbb6425cb77bccd0c7090d1ebe6c5dab89ecd45329d3b7c6635bff8ce2096319f515b6338cb4dc3644e72470b8d682033f99988f57249fdec68e676d5ca26c632969d6ce8bb8ef8c67d06f394e31ce8480fdacc755eed30e96ade4c2f7aa28d3eb4a7113ce72ba3b6c5b42eec82ad3bd45662c9d4c67612b26d5dec641369d9cefe11b4b334ed68efa8dad6ce11b675645c65cf042726093747789bed448df24a751177adcb2d9543da2c9137b35949d8fd9a987d7b92a74437bd61b36e6f83fb5d2cd1e4be8b041287c01bdc40e1a4cc065eef4c2a1cde0a8f7829190e192b59c67f9c3c37c5cd8d697febbb2fea3ed9c6cded324416fce4fd091eb9ca57ce72870504003b),
('312250612450', 'TWS Redmi', 'Accessories', 1, 50000, 'SPA6044', 0x47494638396159015700f00000000000ffffff2c00000000590157004008ff0003081c48b0a0c1830201281ca81080c1860d1f2e2c1891224487162132bcb8f1e24482150384ece8b123498f1f43aae49871a5c6842c41a644895166cd932f45d294587324429726110a1d4ab4a850a02d3f06b5c9d3a7ce9c2561a2e4b91427d2a7347bced49a13a757a94e5d46659a14eace8c557f6e4d6bb4ad5ba357bf929d2b57eed8ac54a5368d29f6ecd3a563edf28d09d82f5bbc6009eb5d3cf4aad3b7902317be9998f25fb465f772eddb957158bf9cefaeadac5970e7cb5815a3b6ba35b067a56ab9b2954cdb6d5cd298e9e2b6c999b5e5dba9cd6e063d3a78e9ddae5123d61d3c346ce5cff342b75cbb3a51e0c93fff562d5a78f6e2be272fff77cc7db0f7e7ceb7abeffe5df6f5e28fadcb97ae5dbbf4bac8cdb73f4c7cf8d4d7fe1d67dc6ee295b79e7e06ce961b70f335389980fc1d28a169fb31161e80e3c167606f0462986059e9d117dd82e03968e274105aa8e280bcb5e6e269d8f5e71b790166961f8c2fda07628ee89578108d270689a29044164924834626a92464482e799d93b451f7db8f093154e5955066599d94568a44a5975876a9e5980dc688a37a29b2c8de87ab55466386eeb148e18b22fec71c9c15b6f9a386d491d9988f7946581f9d6ef618e785d3c159e08437ead89ca19a8548629f7335e9e79e8776a8e7a08caa69188091f2a9a8879dae8966a1a7b678de990a56eae3a54701ffcaa6a08672f868aa9cbe2923a9029a5a67a0a822fae07b71c6076b9d693a8a9fa7ab3a9aaba8bb265a2ba17292aa6cb0d8ba4ae9b07a1e8b29ada982db2b82acae38eaad406aeaabba3c869bed72dcc65aec88de6a9b2ca436aa3a67b99b469b55bad5326beba2d7de2a2ca8c4c65befb7e6cedaf099b6c28bb0aabada59f1b8abfeeab0c1d92accf0900bc7266e6e23ebdb289bcfcefb2fb7ed458cf2a7fd5a0cb3a5131b4b664f214b04529738870926983de7ecad5241ebb4f3d1408b29f4d24c37edf4d350470df2b205b74cadc453bfdb2ec056d718b0a477f697a7cd35d31bb299554f5b2ab9ceaa5d71778b623cb0b5f852dc2eb2094fec34da7597ffbcefc159732cadcc2a73faf7a4c00a8e35cd20935d2fdfeec66cf8c9fca64cb07971e7bbaeb689e3f9f2b66583feb8acfcfa4d39e090bf8d39af9a93ab71e95adbe931dedd0a0df97d0f4f2ef0e7a116ee2fb5877f7d37c9b18f6d76e851df4ebce46aefdbb684aa0b97b9c9bbe33ab3dbc3db9b77e04b2b1f76a7c12f4e3adca872bde1d59f772e36efdb333ef4f87de7de3ce5cff77eb9f4ac53bff9fdb82b7e7da61f73dfb1bc17a17b65ac637a8bdd8cf84435d7b1cb3f69239cf14407b0bdc12f72ba0bdfffc0153df3410c7d95dbe08e205837c755b069047c98015d26bb04fa8f84f81b9cdc8047370cae2f84146420d45218b315827082f6aba107ff75b7bf1af6cf73382cca0999c6c30812916d25c49eef08373d0de2507d1264df9f5496bc0b1e717efa83a2f5a0072d2ae6cf8acfc3a2a9ead7be57d9ce8bcbcbe0e91018b873fd4b87c23b601e5127453e0290768e7b1f00b1e843af896f90bf5b59e89ea847fec5f1866cdce2ecdef847a9494d8096a464abcee6c64c3e0d939e5c1828b3243a58f5694a581113461c72bc509ae89456da8c2a1fe2ca2515ad7b14a125d256c933a5d5f248b9fcd2cf7879a55bfef298c84ca63297f94a387eaf90ce8b2219a7483e19b6ae91467c641693d8c64ae6ac89f1cb230b8138c2fb0d118c451c9c13c5483b794df29bce2c60bed0a84544a5e79c6bc3a63ac389ffc448bad385dd8ba70ae73947c179cc8e7764d9f90c99be8df5539a4ac4a30511093be6e5136c074d2442bd46cf31aa919d938a28177728d01e12b47a7ee46019ab3937943e30a5e5a423e39618508a46109af483684cf719c3966e6e821f6d964e2509504dcacf86e02be821554acdd559338cfac4e851a5cabd90aea8a6a63329f53aea4f05960f8f5d0b9e23bfb7c6a1feb3aaf0b4293fc1c855b37a155d605da858b34956906a8fa868e5a45a918ad3ea75f5850b1ca9387f28cda05275a612456149d779d1ec65d48c70156c580b3a56a6c2b476770de40017bbd60f32b48575d468221ba847a03a14926e0d6027f59a55c6ce1086ed7ceb1d252b57caffd2d5b2325d2df248bad72f26d5a50675e146374ada7116f6b4dbfc2b205b29c8d676969187bd6007e3ead9b9f2d4b7651da348dfc9daa3fab6afd98d2d60bf4adbeadaf6bada0caf55f13aca9b7116a9d075ac70450b599f3a708fb99de6654d985826be17bbe8b4eb63599ad0450638aaf2b56874bda9d0526eb6b7da04af80e75bdf0237aeb6c0adec54138c58c14ed4b9f03df08271cb537cbe96b497b5a70831dbe02e42f89927fde98a2d2744eac697a3b7dd306cd77bd6f68e099c216eec8eefaa62189af89af61d3289977ad5f56ad694ff4daf88392cdd953a35c9c6f52872d54b64911535ad2006b090f7dbc71a97f7c628ce6f10839bd7dd7e32ffca751db39a756c4e1b4f19c7e88df3889b9c59e63e38cc5296339b5367e59ed210b8a6ade843b5dbcd4d8a12ce20cef25f873bda0766f9758cdd338bddfc61ef4638c6f765b2820b7d64a82639c5c5aba797db3cba17cb73ab4a9d71994b6c6741273ad3546630a715ebea81c21ad1b2d6af991b8ce697ced96e4afe728b790be8389ff8d834a6f599ef9ce641cf5ad4fcf530af9b1d69c27213d9759eb6ad1baa68d4329abdba6d35b73d6dea5c2f796bb57e367ead2d6c7a3bfac20e86b2ae99e9271ff33b49fe2665baffada580135c48067752c20fdecc7d335ce1031778befb4db291c470d30f874b1c79539527675c8928fc59308f86caa47d7c4b224f479ad17c364c5d9e3c4a13bf993067594c9e11f3e54c9a392b695e343fe3fc289f74b92f7b597396fffc49234f8d2e8d19f3a37b5ce627494cc789e6f3a387493137b138d59b6ef5ae7bfdeb210b08003b),
('411891389826', 'kabel otg', 'Electronic', 8, 15000, 'SPE7604', 0x47494638396159015700f00000000000ffffff2c00000000590157004008ff0003081c48b0a0c1830201281ca81080c1860d1f2e4c08d161c18a160360648871e2c1881421721479b1e2488404416af4a852e549841d597a7c99726649922b71d27409536646942d6da21c4ab4a8d1a03f43f2cc3972e946a53e9f7e8c4a35694ea445b186a4c9f5a654a7429736ad2a31a3d89b5da79a156ab4addbac3ecb825dab132a5da452cb8ebd1bd6e456a25a99fead69756fe0b467af92453b18685cc08fdf4a9eac16b15fc27be52e565c17b3ddcc5e233ba6bbb36f61bb871bab268cd7745abdab610ba64c9b726aceb2f37edecd39716bbe56bfb2653cfbb6ef9896830fc7cdbbf469cfb347bfae4d7da8f1cbcee7fe36bc7c7b73de899d8bff27ae19e75cd9e541430f3f987df1e5d5e3af377dfe3bf3fb319f7bbfafde7de0ebfa21b75a7d6aed379e75a2f5449a7c0c2a981c81bae177597ed281879d85cf1d08e068c229e721879b1d5861740ec6d62083004278a184e609581986da25f8e27b0b4257de86e485065c6ef0b5d7238d270629a290441659e46d4626a9646d482e0954424e52175c4a0c71a411951f45a9657c6659695197585e09a598646e69668329ba665f87bf1db7e39a13fef89f8c6e76889e892caa98a18f7b0279a664697e08678b8446985d8818c255238e05c629a88d3aaa37e48cfec9f82764354aca678c6ff6d6dd6611da89a9866a364ae89d24b286a89f08665a62aa97b6fffa60a9a13adae6a79dd67aeaa87c2607e2ae90c20a23ad725a4a9c7bb14eaaaba67956e5667f2b8a2a6baf03e22aadaf0a1a48edb4c2ced767b2db32ab6db3c03d3bac874d7aabacb58ea25ae7aae94ecae3b7e0063a2fa7d07634229bf419ab6eb8785258eda3e90d3addbfdc225b2f9dd1c26babb3b8e68b2f9ea4badaadc0a91258307f00535aacc5e07a8c2eb19df15b6ec4e76e5ce9a20c07a8efc0a84a4cb2a207cbbb70c8089614e6975552b433ce408f29269844f75cb4d04127adf4d24c37edf4d380b6ace7c4e49a4baeca1f571c336a2d6f7df5b15953dcf1d2f6825df2c327bb2cf3c8209bbdaecbd7c29cadc36d23bcef8f2197ed2dd5265bff6d32d67dce69f1bbc0626baab8feda6c77d37a1fcaf6da7ea30d38cddb6aac23a307ffed36afdd2a1e74e39bf69bab8bf7d21d6fe55dcf5db8dc871b2c36ab77d39b2ce834f28d76e4858a5e33ea83b3bb7ac6be235eb7e7632b4dfbb89a7baa76ca91be2eb8e137a61eecdaf352de79f1491f6f3aa8a49b8d7cbb9c3f9fa3aabf5b4ebef0bbc3feaac2b34b4db2edb977e6b8f0a7b38af9e5d2672ef9e609877d3dcedaeb14f5b8b6bcaf9dcf7991b91ff9144838f4217078d8fb9cfb1ea5abfd60ac74024c54f81258aae8f58e60cde398fa44663df6c52a80f4e3decb44f6bddf55af63846360f05cf7bffad52f6f13c420e06e55c0e4e5ab841c04e102fff317b0fd2d8e841b94dd0973e83ddd9d0b772db46110a187bf0f7acd8711cce208c9c6c4bd39b16a2833e00f93f8b65fc9106e744b9f142108c02ece2f847d0b23165904449609913b561cdf008ff8c2fe29f152281c9405bbe7c50cd2918c30f4dd197fe5c01a264e8b386423d49e76c34932ee916d94a4259956c94d1a0f936672c81fcf34a59e0dcd94650a93279574b453226d4ca2ec12de5629a45186f2213f23d34f76894a5a1ec968c0145a525a694b5f1af398c84ca63251e4c6d03dee897234e218fd5846d52d52758d5c991a41b9b00f4eed8b71eca1343548cd44a2b17c1d8463c3d8b8c6f4457256145ce72057a8434162527cc03be7355b27ffc2763ed09ddd84673d0f084671c66f72881c610c8978b1716e917fb19b6420fb69c40b36d1907143a24215c9d006d2509bff7cdd3b07f6cd6716347651bce71459e7412a36f4a0105d9fff4c08c866d60e9cb78b264c090a52fba57388799c1ef3f818538d3a6da21554a1a19c994276ae349f66ece80c29ead4aa02b47dde7c1f4ee307c5ed599577577491f93c4ad56d7ef57f23cd674977083183a6f4acf8d4df0ac73ad56585d4919ac4aa402fcad6b4a1d4ab66d59a1e09e852b2da15af8115694049aa559386f3af18055f3937aa4fa99e339b33cd6c31b78454792a75456fa4aa3f7d7a47c2b2b4883b25de43899a3d9bbe15723a7ded5de38ada8cff9a6f8faa1d2d4dffd4d9b3edd4a2856c6a62491bd6b9fed4b0eb1c6e4f774b4ad702169a6e7d2e62c13a58e515b6aec99dad6625eadcc8fe9690a14d2a5c9f2a57dbfe14b75ad4ed2cf5cad878fa769e4bbda977d56bc7e29ab7b4624caf4af3bac4acba177e3c84ac70b55bdfea628cae97fde876137ad4ee0ef8a4324d2d39236acea806b5bc6924701db9ebdf81ee11b8e1f5ec780b2c54eb9ef6a52d54ee8229e9607b8e8e9e7c75b18a498c6174e2778ef4dd30d47a0be0b60a58c61aaeb0352dcb4805076ebf57edef5e83ab4eaec656bacb256f6d25eb52f4ae36b7dc64af5a1bdb573cfe58b448a66e890f7c5cecfa76c63a66718763ccd39c4677ffbe6126ae81c55ae6049735c8936df09a99dc6627bff9c151a6f1946d6cdf0c4ff7d0cc0d658bc1fce2f8c277ab6956a0974f8cdc33e399c26a5e72683f0c5ea60219d1524631954f6ce51c33f8927bdef45041ec6946a359c8a6da67978bda474ceb59d3ade6348cf92cde5753d6c2d7b5f361039de65bb7d7c3abeeb47c01bd62499b16aa7396f095f5cbdf9aa63ad7c9de7588df1b67da8a9ad0d14ef1a523cc615c2fbbc9018eb06c412de86fcb1add333bb551519de4652abadaf6d6522795acd87cdfbbdefe76d2bead0df080b332cb061738c2f5bd635cda8827c35c6fc2b9151d97587c26899ef8548e5a2651e6b268a7d9acc689294c879752e328484a25d91cbe139ff572252897124b5c9e312b0d8d6731a70d683fc7725df63ce4399f0c98b034f48e0753e5417f8bc805def38adb24e24b1f39c6a7ce17ae643ce958cfbad6271910003b),
('523158982119', 'LCD Redmi 9C', 'Part', 0, 415000, 'SPP9997', 0x47494638396159015700f00000000000ffffff2c00000000590157004008ff0003081c48b0a0c1830201281ca81080c1860f1b2e4c381121458717211694589123c6831a037864e8b122c98f253baa4469f2a2c591195b8ae41851e2c9903757c29cf9f164cd972b2d0a1d4ab4e8c6a0477bc664a914a44e993b77fe5c9ad366d2aa21b322258833a956ab5c697a7dda346a4a9f57d33a656ab4addbb65fa78605db756dd59a5feba2e59957ec5cac5be3aac54b967059bf52a92e15fc77b05abd6f234766bcf7aecba17d0fd3f52bd76cc9ce672ff3ac2cdab0e5b9753da7461c7ab463d7764b4b9efd96b26cbe5b81325dbd192ce8de8961a7642b9ab7eecca6c7ee86cafaf36de3086dd39e4e543a6fe9bfaf178ebe1db7efe2ad1943ff5f8b5c7972efe7879386bd7e2f64eaf01f33d78c5dfe77f48a63e3f73e5e3d78e28d91d7dd69a705a75a7372b5f75f7c0ceab69e76003a985f819cd997597fe10536df71034e989f81cd7996e06deec9d46083d6cd575f80200267e27f176eb898861192f86185fb5178df81bd8dc89e7d2706596253421669a4902b1ea9e49293e5c6a45b443e0917485c45971043248924e596f0a1b4d19760668991975c9619648af439a95f8be5ad19228e3102882687cba5692781373af7e39eef2569267735f28920661dee17dc90716637a870320a58e7793a420858a0e3fdf6676d6a4a6a238b70be1925a32eee48967899be6868a7a2869a5e869af938e4a55096ff7ae7a688aa5868ad7562a827a9ad02da269ea7a69ae8738d5a0aab51739a472b8cb63e0a68a4a84efa2ab19ff208699e9af227abab0b1e5b54b2a8a9a9e8ac395a386aa3fe81faa0a9d62a1baeb3ef4a4b2db7ea7a5bddb6eebe87ebaaf7ed3b63afdaca89afa3c0b259288fe02a58afbd42259ce7bdf0425b6d77e9e2caebba13abeaaec4fc8af85a9fe232cc29c03a425cb0a71206dba2bc0b579a2faad91a9cebc00afb69e6a7229349e64c615ee9f3ce22dbab3396141d55e5cf4407adf4d24c37edf4d350374969b30afb1baf87230f9bf5a20e5f5deed7ed7a9daecb7b4e0b75d71e377c30cacf621bedbf6693cdf1c66e933b76b19bda2c34cd0f13ff1a71dd29238c2eab66d7ccb6d7738b4df8c7ec86ac34da8b060ef3adccce0cf0dd0293fcb2b054632df8d49a8f1cf5c218dbfc2be06dabfc76c071e3ad38e7764f6e39c6f4eaed2de43dfa7db2c66e86aa6bda5d27befbe9aae71ea0e181328dbbe96bf33e2ecb16d348bbafcdc72c3bcb64839cfcd2cb3b6eb5f0e6ce1efec5f352ff37d8874b8cbbe438e7cc77b0267b9e7ef8d0574ebea019132ff3f0e7825ebbf7eef3dfe6e2873ee7d10f6ee3935ef908263fd8f14f7cf8fbdff61ef7beb4b1cf7afdaa5cfd4005bcf781af80faf3d4fa52a7af004eef7504dc1fd6ac5631fb293082e67b60c73ac7ba0522af6a26b461dfd476beb03d0f815b335ef0ff50873822aaaf828d9b60d0baa7440d6e4e7b47bcdce24897b7f981b07afd3be10d97c53026e29083343c94136b18c4fbc9cd880d0ca1ef9098b12fee4d8028d45d1a29074608462f735a7c220d3ff8b93c96ad5b676323f37a684516b6e68ead0b1d1faf374708662f896ebc1d004717c82652f269b63b56262f49414b72527993e45206b9f790a3652469634ada279504349fb95295437be52a59a94a529ab227b8245a2cb5344b5aba924865b9e52f7b49cc621af398c8dc9217b9a846e219524f8804e4198b772d6aead1787e2c9cd396f9c720ceb08d75fb1dd73c88c62b12728d70dc62379728c84936938e6d6a611dcde8ba453ab091d8731d14b9f8ff463f5a90848cfcda335706c4fb21ef9db1bb27191f09ce75e6108671e4a10c573846796acda05534a03927ba507d42929f924ce70e2f18461c0d747598d366377d88cf96763474fb746817db69498402eba4a9ca271e5f634f0cfa34723a145dd4b859c23a7e93a47674e14e217a54ba59f375ff642a90864ad32fda94a2460562345b56cf72aa70a305f568438bdacfa046f58750fd68f1c42944723e95a35f4d29e3c66a2a768a147e7204ab402b7a48a5265282574d6b42a33acd4d5e8aa8751de30771ca567a2ad2ab018deb14b309484c569599583c1f6307b7ab171e34b34d15ec087b373ac4b62fab8245ea062fead98c06b6a75934ab5ac91a527fff02b5773fa52b3ac7e558c082f69adf1cadb12a695b6c0254a16244ad4563cbd5c7bed5a592ed2c4c679bd899def5ac074ced71b5b6558caed48ad1cdad70a74a5cd91a17b7251d653cfb3acf171616bc918daf747d1453da6af2b2320d6c72d70b4dbf4ab3abcfd56b786ffb5e4fd6d6bc8384ab49f9dadff62eb5c0af85ec6ecdcbbed2e2b7a8fa5db072d9cbdaa57ef69cb90d2e1b2b4cd5ebde16ad8b6530415faa52ed4538c07da4f0712d6ce2f3a2b89c9b95e27c2bebdadf6a57b4239e71898b9b60e86a98bf2b962b15bfabd1010f96c00036ec9f4c9b42f9d657849cede05d61fbe42e8f57a8e5952a5e256a64f5528cc3ccf5ae8b7dcc659dd297ffbaa72dab98b1eb4de06e97b9dd6d2d935fccd2b50699b44346b03b7dbcdf3337b8c32d4e229fe13be139c399c6441e3488e169e8244f718830b6727a091be5501ed8d136ce6e8a377ce834eb79cd93eeb2886b4ce23033b4c8023e72a5517a69b7f6d9c9ab2e6eab2d5b6358e3face4975f05f792ae1105ff3cb2a0565af25ad6033c36bb98e3cb5a2d95c6c534f57b79016744d092deb67a339da1eee71aa431b455d0bd9d5d54de6613dadee3249f966ec6eb732e32def27bddbddf4aef792eeadef22f1db48a394f38f94824dfbf63b65032fe5f10c7e702b7132985aca65985229cb864fa9e2a9cca5c479d94a8b43a996ca339a297949f2ac14cde352355338c8259e6f94abbc6951da38983a1e6797a372e4187778c76d4e40653b89e026c109c36dde179c93bc3443e7b9d297cef4a60504003b),
('529869193099', 'kartu telkomsel 1 gb', 'Phone credit/Internet credit', 3, 20000, 'SPC7412', 0x47494638396159015700f00000000000ffffff2c00000000590157004008ff0003081c48b0a0c1830201281ca81080c1860f1b2e2c0831a1448908035424b8b1e3c58f193d62b43892e345861335a6fc2832a2c38c2451b2742913644c8a2c5faad429b327cc9d3e7f0a1d4a14614b9c3c496e0c9a33a949a74777360db9f2a4d29435abea1469132852a15cad3ecd5a72e9d5b2586f7a8519b5a8dbb754b7a65d4b96e659b363bfaa6d8a97a9d8ae75f76aed8ab7af5ea962fdce544bb6ad60a776e9c29d3cd9b164c45007273eacb8f1e6bc98033f8d1a166d66c887a7a6ce19d4b3dcd3ad8d6aa54cbbf26cce6723ab3e58f83666c0ab4df736ad98f05cc3a07717ff7b9c35e3c7607dd79e1efd7564d1cb4b5e877ef77376ecb9b9ffff96fe9cb766ed8f8d9f56af7b6e7bd4d4e377c61d3a3870d0f3c7a34fce7c3ffbf4fd6d67de6bf79566d96ec3c536a082f235b856824841a85f5cefb9865c69e0d5f7e07907ba67df6706923761799655e8e089e2295820871e5e461a5ff06118de68be85681d7defad48608011f2c81f7cf9a1d86089421669a47c441ea9e4926e25c9245b4fd2c6d3422f6d9510432869c451945cc647e5435786a992961691696597680e29e270122a47df8b7c5138a38e70baa6628bd9b5e99c8b7bea09648a690ed5e17acdedb8df9d37ea77e17919feb7e1627cfef9a88e7692d867a10c061768936b16eae77d88e6e91d8086ba5467778966fa23a5a822ea6890b2a5ffbae94f839a8a69abb19aa8688b326a281a9caf969723882cca3a62a4aac23aab9cc8f6081bae0b6a8aeaa2a5cef86b8d973ecb56b1c312e76cadc24abb2cad9d12aaad9bf88907638c8c5a3b27b6904ac82cba36baeaa3b2ba8e3befad349ebba780c0fefb61b5fde68720bffb422aaab107fb2ba993fa3e0a30b18652abebba09f77a6da20d0bd8eda7f742eb6775c9460c6ec1035b2c2ec6b9beeb9f8ff55afa30b729971bacc4e41abbaca43b6349a6993e9f79e6981117fd739541271da6d03e1bedf4d350472df5d4546fcbb0a7fca21b2aa9a092da28cc34376b75a5ab867cecc83997acefc95f57cc6bd6c5aaac219df0922d6fcbc72e6cafb73f92ff1caed16cbb3be9a862db28b77a6cd62d32c278d31b76e27ce32baed481fbcaf5db0e5b88f9c6901b9cadc7353b7c73c793378ea7c9e5da2a3ae168efca2ec17473fc38e3d1e67df9d5f1c23db3ce4e57ceaaede9e2ec7ac6eda22c3ce9c17facfbe89f975e3b7245fb4e31d913cb1ea7e9c2616dbdddb42bbf7ae48b679ef6dfd1a7eeacf7cc7a7efdf3fd75ae6ef3c9878ebeccccf3de37d5d2bfecf6eb17c3483cc11bd39bccfc06bc9845aa7e6a83d8dacc673c01d64e7d5af39ae01c65c0bbb14f61b7dbdbc9a00728a8e50f64871ae0ed0ed73eed41d06c1c1c9cfeb867ae0d9e4e78946360dba8f726784550856d3bd5d9ba27bf1e1e108522ca57d4ff3eb83cd6e94e73fc7399fb8e07bf0486cd819073e1eed4362e227e4f6e27c460d900e83228f2708b201c1402c9d7c1a759717e0f7cdffaba9543c5ed505bff0ba3cd80683fc9014e86137c620dad77c35ec52e8b9543a3175bc8c0142ab08a78b49c0ab1a8c63e16ef8f8da423011db73f0d16f28587dc5910abc6491876f293999c55283f59be3a92d2839b0c54087b2726a42d8d6847dbd229993434a501ed95af7ce12c91d4343352c496aebce5cf86b9cb22310d97c20ca6328bc9cc663af399d034d2197d58bd8591307be6026422059941fa49928c9e4425ee54c7cde0054c8bdfc923df2af845070e5275529ca42e3539cef351738fd6dc9c124d18ff49f05da69cec24643dffe93c3326f2778e14dff0b0a7b12e76536c712ca23f9167c78aa26ea03384563547a8cfb9514c871405a701dff9ad4b4e119c88c4a83a69684e1b0a6c8b6ddc5ef8400746898af19b04bddfd4a659d324ea9465176ca847f988d3885e718e134da54517a852458e149f1cf529e2f8c9c4dcc191a1d39b6949076a48a55e746b0d7ce846176944d87dd48d21cda93b1f1a4593ca9367f4046b46810756c37574aad9ec6720ef4956dc8d51ad65ecdd41b34a5711f6f59a42a5e0ecae1a54c2a6f5b15e0da7419b8ad097d6356e772d615eabfa57a3a2b1ad5cc56464532ad7956a14aa87cd2c36c9a9d76df235a0f074ebf800cbd4d2ff3a558f2d252a3a2578db752e96a66bedab25437b52da92d6b0734d68ffd638b0986ab3a900fded562f5bdc141e17a2a62d6ce1302b55cdb296b345c5ea0ab5daaf78ced6ba71456e7695bb32ff89d7b9ad85ee6ba55b5ed98e0da5e9c56e6f594a5d24fe0fbee04d6a755f0adbe91ab6aba6acad7af77bdadce6b3bbabb56780f7dad3cf6acfbcf7356e7e2d58d9dd6e777f882d5e00d9da4eb19258a0fd3def3c4539d8f16ab7754065a33a41da4491e2b6c0f525ee5babc6d3e0a678a18de5e250491abf0afb10b43f4e188f5b2c479f3e37c442566c25171cdd29ff50c04e4cf07539ec58cb1e98bbff9d315a6b4cdba70ad79b58b6b196374cbb0e77edffc3fe7daf9865fa46e09af8cc57c6b092f1c7649b76f4c9aa4d2cd8ac6cc12ab330b63a56315c594cd92e7b18c6ee0d3280cf49e1e0e2f8d005cdf41d1bed62f6fe34d232ee2d8dad6a673c1319d33addf34efb7c5427c717ca9376699a334c4954db3ab0a91e22abcbf9e3183777cecfb5ada1c97b6bc96aba94b675735997eb69bc7e97d2ae35b2b491fce5012f7a533dbe73af41fd6b518f99d4389a2fa12f6c5f55c790d34d4edfab032d6287e2b9d0e22e3664133c4a55ee9aafdb662e4c811d5f61c79bd8003776aec549c568a2a9de06a7e568d97ced842b7ccd0e7f12c20fbef0883fbce0165fd2c48fb4caebd26529204f4bc333fec0904f092b265c27f974462eca56ba9c98b1d412cb55fe72591e339962a2b9947ae9c1a0c90e9728d77965ca94a59757c9951349bad06b3373891bc5e83c1f66d3970e959a477d994b7f0b7ad374af94c766ea2af73a63c4aee1ac9bfdec68a75a4000003b),
('654226520797', 'TWS Edifier 3s Pro', 'Electronic', 0, 500000, 'SPE7604', 0x47494638396159015700f10000000000ff0000ffffff0000002c00000000590157004108ff0005081c48b0a0c18302010458c8b0a1000010230a586850a2408a1133421c6891a046001c3556149990e4c38d253f660cb91261c797284fb694d991e5c7912053229489f3a6ce823581c664b93328cf9f3b932a5dca94e8c400311542dd48f169c9aa1855e63cead1a4cfae33bfc2d41ad5244ea75cc59a4df915ad51b436bd0e457a56e8d6ba60e136ddcb57e9d8b877edf6941b9866d999801323253bf6ede2c38a0d17268bd73157c07f05bb9c7b59735eba7d438b7ebcb5ad67cc90ed36e6ac36ec61ca6c39bb4d2d3932eac9b4f1ded6dbf9b36fdda4470b179db9f666dc2a79b736ba9c36e3d7b283935e8ddc74dae8bd6167c7ce9c3bebdcc3c3fbff75bef6776cd7d5a1a72f4df836f5a2e4d9a3ef9edcb365faad819befad1cbcf8ff95a907df7ac545665d73f2b927e071b3c9f79e6ae51578da7912f2079a85db2508e086013ae81d81fe213898871a4a262283d219a7e26ef67d386285f77d57587f2572686371d6d1981f84248e68a07a271e84e3822b5228236f3ab637e17e312287a48de25508e5945442296595586639da955abac45197e1e52466456426f4255060a6b96169679ad9d5431e95a9e69c56a2b450540c5115c0457b9e84d59edae147e48fe829d8238ad71d5aa489475e9864a14bd238608774863624624b062ae38360714a5d90944e37a8914e3a7aa1a6a50ad9a8aaa95a5629a29ceaff87aa8fe7d1aae2a78435d920a182629ae8a43cc2e862a4a7faf76a5297ea1a6c88b96e4a24aef30dfb6badd4761aa1b1c5d69721b0fb496aeab1ac36a8acb590926b5bb53b321aed8c297a7aadb6bb22cae2b6f27e4bdf93e086bae8a3c2ae6b6bbacf29aaafbbbe6a176fb8cbd668efaab2629b6f8b0267aad5a3e7deaaa4bab1422ceea8eaeadbb0b6f7d68b61c8183e7c708ed9a6cbabb38a429bb16fc9726c708a1fabbc70aa1fe36b72bbe5f1cbacbf3c126a68c5273ffbee810ef7da2fb7f892ec2a9d6cee2ce79b6ec269b5d5515f2df5ce51675db5d75a57bdf5d864976df6d968a78dac9d537174274555f1c9d0405981cc72c541bacc71d12d1ffffd6ed32c2f2df2b8079f6dd19da5210e52dc0dcd6dd5ac4157bb72890113cd73df054facf1e09ad38b70b7d9eacc35db784eb5789f8d3b5eb7cd16670e74a2a88e1b73c41d6ffef9bc24e7ccb9c265cfce34a9144b8eeec5950b0f737c2fcf3cededc087befbefcb1b8ebcb4b8df6d7cde4036cbeef2042bbd2ae1cd7bae3bf3d19bedfbeeac833a7cb9c5ef7bf9e42f7e4f7df8b94bbcbdd3d8497d3ef9909b7bbdf61bb39baff806bf8479cc7ee99bdfc8e4b73dfd4def7e81fb59f200282a01caee8178eb5ce1107831c0e1cc7ea233d9fe6ad6c1f5f54a68a47a19014d18c15629b07f1ed48fb74a363acaf52c65256cdd09d73734e3ad50872d3c2093ff3a57bf2142d0850dac6100a1074316ae078518dbdbfb9c183f243291880c03e1f3bee5401b0e1087e52aa0ff5ad743f771cf68ae431aef7cc63bf02dd08a691b2107c348c5c8913185523c23e6bc0747fe61f18346bce21ac726472326f07562d41bed7ea8beda1def88559ce1f8c6f7341162107d396c24f648d4484652905cf883a4019de747513e526d856463f016b5c932a24c8f629cd7060d99c917da72905b4b2518fb35c1d729d272b0ac23281928c8430af2985c546232d586362e31338e0eeb62089fd9bb6852d37cd69c1348f2972fc46c534865daa683ae09b5afc5a94d77990c39d50436fdb5496cea3c27d6deb94e2a05266bf744e7d4eac9ffcf7efaf39f0005d3e1dae643a4acae968814e62f0b1a4c2082a88f24a4e31b6548ca4a3e6ca0a59b1be352c72747ee90959f5ca8192f15cbf0cd5295a49ca4166968c99c20ce6da6b34a411cf2b83ffecb6f9873e50d1baa490dd26c8e822b2532597a51d2252ea67f42dc9f3c6a3d90fa327b093d65053308af9fd252a26ecc6a368bea52823e447132ad8a545007289bda518d04d3e91779fa49595a15a5e25b2925b9d9523e954e221b7d1b5999fac4ff3d95936db55df78268bb880655a5815c2657978849ac06d6a101ece414213b4aa996d2985b14aa62bb79c9cb22b49769c5e32227dbd3aa96efaa8795eb4a2dca592f6a5580374d231ad57a41d7ffcacca7a7856b1125b95aba2e76aa8de5e56dff4a5b69ed0fad7fbb592453aadac412b5b58cf5ac63a3da4ad10293a4c2746b6e77f9b3a1ce35897505ae74854bbbea4671b46ca52e6eb9c447de3af7bba8ecac612538dcd09ef7baf129a9234fcadd36de72a8ac05972e337448d0ced6ba0cc52e65870951a07637b3f085a66d4d59bdbe3ad5beed7ba5824babc6185676b7cc756e808f35e0f68291aa187e0e7ebda85fe5b197b0717d6f6fc1fb5bd8ddb2c0f53df07d139cdfec9af4adfd75af902bea5be88a77befe552f71113cd21e2f58bb2f7ee890633cc311bfaac430fe287273ca640d3b99c3c99de887b32863111759c0f27570920dcce51d3799ffc53ede2f90098c50efce38be132ee66773dce60cef74c38f7571d2b24ce6298712cfd145f22ab70c453faf15d04aeeb072c70c48431353c28956f3a271da6815f318ce4ffef176e93c5d3b9b99c646b63185e9d75446f3b0cb7ffe72a0d73b682987d8d20dae669e834bdff28614aa2a24edac4d1be5e552f9d64446359a773dde5ea358c78eae6d74b77c685e27d9d4553e3389d38c5a67fb35c58c5931dfd85ced665f1bc277c6f491357de26f43dbd36f1e379fcbad68641fdb7356ae14966d4dea67f719de5e0635985de76106e39aa2f8d6f695b9addb5673fad56e0eb8bc7d4dec5a1b1bc4f7a63736995def7ebbfbdfe1fef4c4fdadf16e9f5bb328cccf37d4181ee4765ff8dd218ff7e5c87d69731f9c580957f6b639ce6e8fbf1ce4b1336e67a95df38e63fce845df78a64dbe69d902fd8fd2162fd173ddf04adbbbe464736640973dcdadaf1c97d2dcacd7d9b9d5b1931decca7caed9055af6b57749eb5f6f6650d239949ad85de56effcd6a36169bbc8709959b01279ac24678bf0f674c62bb1ad8e269f82d213eebfa643c3a11dfcec6ef059ff2c45a3af76979be549e907da7a7d6daa9f3cec3539f5e4a7ce14ddf14bcb39df124e9a0ebfd2e7bdd489ef5b8cfbdeeff1910003b),
('667472620390', 'Oppo A12', 'Electronic', 8, 500000, 'SPE1946', 0x47494638396159015700f00000000000ffffff2c00000000590157004008ff0003081c48b0a0c1830201281ca81000c385091b4a9468b021c200160b4ea418d1a1468807331214f9902346901b37965cd951a4ca8f292ba20479d1654a8f2771967c397226ce9b3a3bb2bc48b4a8d1a3436dfe044a532842922d270e9d0a5366d09c4a77de4cea532954ac52ab3a25ea356c4eab3cb92e8d29f62cd2b77091661dcbb4a9db90768152bd6bb52fccb960d9de2dbbf6abdeb65ffd0606acd5a4dac6867dc69d4c5931e0ba57138f852cb9ade2bd3c0987ee1cb8315ab38f8b8a26cd3933e9c33dd7569e4df972d7ad9e732f66bd59776493ab81bf369b36aa63ba762de3e66bfcb7dae28393d39efe7478e1e57b412f775eddb577db4c5397ff367efa78f4abca05ff860e9e3d6feaf0d33fc7de3b7679c6f5b57fb70ebbfdedfde6e187d775c201c8dd79eec916df82f221179e6efa8de65d4d795558606be09946de5fa8396854701176785e6b0d3268e2880ec2965d7dfd5948e1841c2ab8db8529fe779f8bf921b69d8509ce17e07b27522760904416b9e0904626a9645c482e1912434e4ef6d3485462a4d193094119e596426a69e595117d39a5985c96696286cd89a8197333eaf7e2671b22b8a38c12aea726903aaac7e39d74d287a2996fa139e38170b6c9a2746cdad9e7837fd6b9e78f32be9966a49396a8a28780066a1d86380e7823a56cba19a38f12faa8616c3de6685fa5870a26dea57f66fffae1a69312eadb9c858a8a2a7fb8d648e0a7254a6a68a27efa07e98ab25afa5faa9ec628e09ab68e27a79e8b12066c9eb312f86cb1bc1eab6ab2ab365a57aead960a61abe5914a5cb7a79288ad6acbbe07abb107ae09eeabf17adbecae34865ba8a2eaf66b6d9cee866bafafdbba8ae9b0e2dddb1dbe8c22ab68c2c286586dafd3b6cbaac188066c71bdf906ebb0b2daf259f1c6d1ea7a6a70823a6a60a7074f9b30b320beebf098237b19d4ce99e99ce5cf39273be6d05a120df4494127adf4d24c37edf4d336b3dce9bf184b3c759c522fba329f34778cb0bcdc5eac6fcce0b63ceeb9c4524b6edae97e2db08d046fdcf0c3283f0a72c930861ab4d911abff3a31d8e8a13baadb7c0fccefddd916fc77de35731c78ce85877df2b0290bce6fc091ffea2ccc5ecb0c78d7788bac74e6cc52ad36dad19a3b28add226087ae275bfcc78c836334dbac9741f0ef8e40013cebacbd73a0e3be576731e7aed4bdfaeafe9aa5b9df7d67867ae31c30b0bdba2ec24bfeeb4f295a7ddbcdf57b79eaff471531f6beed7070fb1f64d731ffec7bbe76e31e6bfaf0b29fbd6572df7c2f3e20979fd7dd39bf7ecb7b6d411b05600345cc1e6b6aff46d6e76c713def6122839f9c5ae80e1531d66d60737dd4170780ef460f67027c091b9ef79b73a9dbf52d836cfbd4d73d25a60f5d0a73ff3d1cb784f3b2106b16739d3b5306b1c84a10cffcfd7c01af64f6c889ba0d61088c21512af892ac3daf82828c4fd11313ddfb361b792d83e2a962e85598456060fb8ba258aef7e248c59e31637c2b175ae6c5e2421f3c8e8bc3922918c86735d1a3bb7c6e27dd08a4d32611c9707463a82af891a3c9bb80ac446e415518543bce11fbb082aa859329096b49dff0459c94c2a11599e4cde26cbe4903702aa943bbb522ab184ca5072c923382b9a2c81564a573a299690f319968ec64b5cdaf244ab24d3cf8cf6252ffdf298c84ca6329719241da2ce8f517462ef5c48be180272942e84df248f08ca9b0db27b8d649b050778c717422f9c0cc4a221b5584ed125cd994ed46634a3994846196b7adcfc96dbe419ffb50a96d09b66dce0337928ce7dcdcf7701b51f3a67f8c830fab371e9dcdb37df57ae758a11917854e43dcb97cf7f66b3a26e8c6044ff97d0005e3478e01ce30b439847aeedf1711e0329173b4a36a14d148a328d9f41414abf922af09a9d749c4315b648fc89d2a7feb423c5c6394d20f24fa1d074a43afb15c92de2f0934f3529a2c299528cae14632d4563484168c487d24e82940ce217a559d6c719f0ab2a0ceb42af98a7a1b28fa6a694153cebf8c079f6508ad1a3223ecd0ad37de6749b84cde14d7788528a16147a9c426a15d9d9cd8f9273a689c56a51935a48aa1ed28e3d0de260898a49cbce5592ee94a864d7cacfc7b27070d4142c47334b96b3ff9ed6aa93d4e46ae5d8d9a5ee949ca1cdea4f29ab4fd34615ad782decbdf6fad9befe95ad000aee66279b5cb24212a83145ab6ed5ca5be80e95778f92ee46ad495c8ff691a0dccded51d3dbd5c6e2d4b5678cac68674b5a6c9e577dc27da962774b48ef5a74ab2a956435f538567845f0b6ed94aa6ad9eb58ae3638c0b81db04b0b5cdb031f37bda9252983dfeb600e43b89c12162b17f377ddf24294a1ef5cec40ddcbd8ce8a975df4356a43ff5bdf046b77bdf9ad31784b7c52172374bee4adae811577e11c8f18c7d365ed61fd0adf7ab2b483043ef28c3d6be2b38e94931b6eb1089f4bcf8cda13c641a62d89edaa5fec16178efc6daf73e1db65b8d6f3ff9c45a6ab50697c57312359c00f26a89afd0b62d98659c7c5bdef9a31ac600d1bb9bbadddf341632bd9d1ca78aa332b7395958be62caf78cd8ae6e98f73ec68498f99ce9216725a0fdddf44e719b49b9e6ea729fc692a8b5ad4db2575a69fa8e5453b55d531f6340d794c5b58df39c2a7c674b0f9fc62b1ad5aca90fe5ca8ed3c3a15c773c95c7eae93c10ae50923bbaea0a6b0af9b9de66113d9c35ec573a373cdea5d9359dbcc4e715099a9576cb29b94eeb6e9badf6da6d2d27b4bf6967765ef1da57cf35b49febe655eeb7d1b3081652a35fd77c548c2709a1846e1d3a1b4d06af2918ab012e247a2a5c58b094b630e1ce3152fa6448f96ca60560969223d07395c70a613948489e35092b8ca0d2ef357ea522bc6f478ce67fea193f70c4c43330fcf871c6b5eea7c57fb1efac137d3f096e745e9508fbad4431910003b),
('734860721988', 'softcase samsung', 'Accessories', 17, 25000, 'SPA6044', 0x47494638396159015700f00000000000ffffff2c00000000590157004008ff0003081c48b0a0c1830201281ca81000c38610213e745830a2c4840b315e0c60b12142821e357eb438d160c883275366e41871e249972b615264d9b164c5982211becc891227489f2a677e1c4ab4a8519e413baedc499324d2961a9d0e0d3a122a4d933e6d5e7dba51aa4cac5d956a1dcb13ac599d59cb723dcab62d5baa51c5aa6d6a35e952b953ef0abd1976efd69e33e1d20d6cf52b5fbb7dcffef44bf6afe2c76bdd4a9ecc57abd2c487ebea45cc5471e7b884fd7efe2b58aa57d06039eb85ecb8b26bc05545afa64c5b72e9cbb3179bdecc7b63ecc6865b0bb79c7bb76fd499431b673d9a69f3b4c205d79e5ef436eec69789f73d0d7b6e70e7d0ad7fff2f8c5c776fe9739fcb66ec3d7d6eeaf0d18696b93cb975d5ec17032f0f3ebf78fee40d96da79efb9e71f50e125b8de7ef1c5771f5efdd5272068a369171b7ac345469a66c74d689e721c32a7206b0cf6c76083d43d589381121ac79d670a62a89e850076c89d8b21be56228207f608637e284e876190441669e486401ea9e4926e0dc92451493e791445543264254757060692945c06b9d7970e5599d0986496d9e5995e1687db7cf6a9b95d803f5e586086486a87d880ebe1871d8fbfe9e8a77eaf5588a67c7642c8638b1cbe18688c73cea8218e791e4a209b80562aa28f842e1ae5a09ad297e3872a7a1aa5931e9a98699d35462829889859da5e74239eff4a23a753ba991d8b9f422a28aa80c9182baf90e2292c858df229ebab8e56ba2badb3ae49a9a885b2ba2ba912ee48e99de50537de8ab02e782c9dc9ceca2c94b61a1a69abba42276e727b620a6ca2ab0e3b98afde76e7eabded9e386eb36bb68be89b1dc6291fbd7dbe0bb0bcdb566b60c1d632ace1be05e347efbf7a92fb2cbb0b9f1a6ab61c976aeea50e83fbebba100b3cefa7d07255715e177f98afc6e5b28a70aa28676c6fc3df92caeca69c6af9d09558061db4cf40970c31d131f9ac74d1421bedf4d350472df5d454db16b3c2275f0b6fc09d0e5cacbb1b7ba82dcdadbe7c33b2233f2cb58a58df8ae4ca1133da72b261df1860ba731b7bb6c8ee92ff0c35db35671d6dca2c5b4b30cc5a1f8cb1cbc4e65d2fc8df9abdecb88097ddf8e0975b6cf8d771278e2de3a0bb6d2abe369368f3e43b5f1db8e8bd11deb99c8ebfae72eb8b27bcbade90ef2db9ba25573e71ae5b4f3be7b6a61b6cfbb9f2b2fe38dacb93deadbe47ab6eb9e0b34bcb3bafc9e3def5dbb4837efce1ce8f5efce8a8d3eafbd7144f5addf0358eefe6f1337bccadf8ccbbdfb7da519fef78fad68fcabefcf6e397e2bc4736f0e12c7c69c3dedaa4f73b7405ef7ad4ba1dd8623636b11590737f325b00b73735fdf90b7800135ecb8897c14775cf6e367a60ec4af8bcc89dee7afbf220ae1c184208feaf6dbfaadbdd7658c31522b07907f4dbd3ff64d82dfeb90e71b0d3e0f63e874255f54f897cdbe0de74d63b06a20f847043a2d77c683226f2d08984a35f1459182efcfdcd8afbc3a2fa34c73c032ef1845f8c57e65af84329e6ae7c3d43e3076998457ba9c78dcaa260c79ab8463a06b17e39fb9fd188e8441d724b76bdc2a01f0569c14ae20d8a651ce3141559c51156ed934204e527a9183d4f8ab26aa43ce5194d693e516a0969635a4ad178a64a2f6d0968621ada2c6b79265af68c69b0145a2e89c64b263146284b2353308bc9cc663af399d0ec122357e5484505b247801420fc6a77412e22b28e89646527a385c3f9c1f1915a8ca437af89394bc6f189a5fbe621ef954acae97186d58413071727ff466d922d7e978ca726e7b93b5fe6d1731f6b1342e159b8364ab28be704233f134acf0466b2a0a3bc6711d5c85048660f882694d920df1946ed0d549e7faa67ea165a4e23ced1a31305a9f1fec94df995d38e28ada8384b494e09ba947a0de55b3643ba4d02da5482383da94ea117438d3692926e8369e84ceacfa3222fa63725235573aa52f339959a50c58b5449084e837dae8201352457138851547ef55cf9e41a3bb708c5aa06aba6691563262ffa42830e6a9a700d2b3a2789cd87be51a4ee4c610f316951b6f635a32cf529478f48d8240ad4ae5b03a80a197b3fa5b6956a80c5535c45b8b97562768068ddac40f7ea583ae2f1af6f15ad60ad19caacff56b67aa955eccaf4dad8ce7eb683b155683ba39ace8f4a31ae9a5dec6a7b1bb2df2e30b2d353def76c684adb4214b184bc2a5079db59beba1686f6846e03474bddd2d695a834356a5e4dca5adf3ed6ade2bd221f0b39d6f669357145cded6ed9cb5c177ed7af680aad7071fbd2e2c6f4b8b395e354cdd9bcf636f7bda00d2ea8122cd7da22359d5ed4ad82a59bd2feea0ec2c08d6f1ae7db51032f18c10bd5ef86297a5eb59635948b947049b12b561393f580c8c5ab6a5dec60ff920fbc2bed6974299ad6fa02f0be023ceb4895cb630f27b5ab0715f278294c5a879a16bd564dee7e1bec6424ef337f329e6386696b46fb9635c7eadd317743e6dd1f03b8ff9761de6e44f5395775b6f83f59d63193d71cce07ff17b252962f79fd57dd0bdf967b88553143f9bc49f7fe19be811ef1a0d757e8214f30c54b96a89cb9dcddd6ba19d0d56be9640b7c68e37ad9acdd53f48c73c7ea53c3789ca1962c89296b32539f99c25a2e24a35bfde2323b4dc013c634508d6cddc3e637d3bae66fa71dfd6948c7dad23f256ea90f7c6a34ab5accca66b3a7f5f6da00c799c356adb2500d5be7312b78baebecf1871f1d6111ef71d26c1cf795679ae734ef39db7df631b781ecd59d4633caaffa7790030e6b3a09bcdf4c3db83439c953822b1ccefe7eb894a0bc243a375534967a895d242e249c80099949e30dc71d044a90e3d24c654ffad2c8e153256466e9e5287ff3ca6f19e12d819c30cadce5cc6ba3f22c3d6b2732df79d3501997941b5d984c137a5b308e92a32f53e9b60135cd1da3f1a441bd49bef978c6ad7ef5ae7bfdebce0c08003b),
('771398559532', 'power bank samsung 500wat', 'Electronic', 3, 75000, 'SPE1946', 0x47494638396159015700f10000000000ff0000ffffff0000002c00000000590157004108ff0005081c48b0a0c18302010458c8b0a1000010232a0c305022c4810b251ab408a022478b1e3b168c189263c98b093f8a7ca872234a962b49a65c7952e34c93335dd2bc093227c29035838e7c29f3274ca046932a5dba5466c6984f212e14187522d5003609e284a932e64ba45c7b86f5fab16651b045d37ee599b52bd8b76cd5ee3c28b7eedaa33e8dca65cab72fdfbd71898add2a74ecd6b379ddb2352bb8ec50b268ef2a36dc58a7cec3772d2fdeacb57252c07e438bee0c393059bb7331772d4d9af1e9c6aa0927f68c9774ecc192733baefd1375e1c87335f31e4dfc2fedc9b753e35e0db736f2e5c9113b3fae3b3aede6cf833f2e2c7bbaf6d6798b8bff570a3abbefc7a8550b370f1bba58e0f0d1bb6fabfbf272f2ed5f2b67ddfbfaf8ff7451b75b72f6e9a7de76a671d75282087a87dd8294f1171e83c305a8df6fb37d171f801c36985e7e188ee51a68c01148e1641b92782284d2b5c862661eceb71e8ce055d82180e5bd485f560a3237a1772646e8da8cacb938a08ec20df92391e7d5281d913746e9a094545649a58a5666a9a568586ef99997c5a58690570f2554d14660a689a347658e84a656679aa9e69c1c3a851554514d2540557a5655e088fe0129e38abba518287b3b2649287e1772b6617f12d2c96889838a289f81f7c578e48ed6ed67e87e9d3e086aa67a81e86886932e2929a494726aaa6df91dffe8a48e1f62ea29aa3f228aa591b2b2ca59775d6abaaa7145d2fa6a8fd93159a9aef5e15a21b391f24aaaaf9656fbe898810e8b6db19b36892c929a06092d94ce2a2964aed54dbbedb7b7da28acb6a90aea6aa3b0daba6bacaf8efbee94f5d62a6a81c1ce3a2fb9a5460a2fc18886d8e9bdb6b2ebefbe0c878aeea8897e96ef7be5aeabeac19f8a8b71b5ab1d8a2fbdfa0a7cedb9281b0970b6e11e9bb185cd716c32a1defe1af2bf348f6ceea7a24afc6cba1517cc2ec1d43e09af861cd3f4554c72b6c974d332cbbcd3d36dc6e9749c5447adf5d65c77edf5d760fbfa544519954d51420d9dbde79d40031aadce3677fb718e6fcb1d74cfeac21cb7ca1b9fffbcb59d44f1a976da7db24db1db38a73cdfc333f36b6eb20d3e4e63ab0ab3dcb8d780e32951e1845fc5e3dee00aecb1dd7cf32bedbc0caf6c70cbf4fabd2fe6028e7e3ae2134b8e3adc8d47bcb8c814074cf9a98e6bec6ed474cbdeb669a9e7dc30853c4fec73e9b6c71ba4eb97775dfcb273ef7e7786c6dfde2eddaa471ff9a216939cfdead5737dfdc0c02fccbbed8ca3e8aceede272ebed0a07f3ff9cb7fc78efde720bb59ed9407bff335af5fb8831ef9f0174000fa8e7f5a5b5f9380a5bde429ae7ecc9b1fef9ed72c04a2ef77d68260fafac7adeefd0979ef23a0f24a07be4bc5af83f72b5aa5a847c3a4f98f7d216c20e444f73f9f1df0742f6c570cff85373d11d6f06012bc98032b98c20b069182dcc21b067fd63bcb81108a317b9df56e38c1f3d5ca82095b61075be8c12152b157449ca111d788442e2a717628ac5b019787b21f022d888abaa0f4d4183cbd0d4f6a6e34df12bd074663d1517ea6dba0f6ecb74019e2f0880f6c63097b78bc0815d26e7364a180c2d748e7e54d59ad6363248f16c8a15d8a76549c6326c7b849172610869df46311fb48b42d7e306c601b252ed567451bde7297b6cc2230bfa6cb34210d896f7ad3d39669b46146a92d587b9298cab43f67dee89847a30b9ce4b44cac59cd9a57f22637c559b5a97d139ce84ca73ad7c9ce2c654e959e83a3259b1846271a5083553c242cf558ff3e538e508bbc14c9d8d0d610ab5c256df1ac64c8e4a8427b0ef280ab646819fbc63d97d112a0248c27d90ca7279838646d83fc223d0d19518429728a0ae427036719c962aeea9d04dddcd90a6a503f9d328e89ab67c9ec984f3302b197f2aadc2f5d2a29983e4470096548420f87d3013ab4a4103b291ec7a75247d6eca2ff241e4a067a548e0e8e213535dc09e729519d1a52935174a53e85184b500a55984724e524710845919695a462d45f5a275a554f6e4f967c6c2950e5daaa2e86746497ec1ee378cac9be9ef193ac7b2b45b10ac8b91a569e0bcd295e1d8ad693952ca53bb4aa4505fb4bc25694ae5e44ec4831995793d68d836c75ac5bdb0754a2ffd2298982c4ac0053d9d09de2538a53ad9119679b43d2c2d597857da342778b56c5e28eb16af5e91d6bab5cbdee119bdac2ad3f1d96b727beb250bff56b70814bdddcb2f298b69d9376f337d6cc3ad5aca43baf67cfdac4e14696b6431d6c764bc9de9b9255b3ace5ac7c5ff6d97d86368d8f14a57e87b55e1d2ed747bc7d6a6ba3fada453ad5be3c0c2565d9685a795df6c107f67075171bdec7a2d4c0a113ad868d3bd90e7b77c54cbc6b807d9bc80a9f38b621262e16279b5e353598a53106b073e9085dbe86f8a7f935af75fbd9e2fd5ab6baed65ee7987bcb3122359ba3de5319431ca65ad3e59c9518670732939c5224335c218bee23dffc861272717ffccfe756f84e1eb432b4f77ad79ccf17d8b5bdee34af2cddbcd1f1a45ac6412d798bc78a6aa9e332c59366ff8cfa7fd3053fffbdecdd2988c578e65a61d2de95a0216bb0ce6af83272de731a336be4bee6381719c62045f95c58e76f1775f1de44acf98bea9a6df78c5dbe7fe6635ae6e8ef496eb854a534bdad098be33961bdb4c353f54cba50d36a1033dea41bff8cc669e309adbbae71d737ac12f15359009b95a2a67f0d0bc4eb470b9cd68fcfab9c7c61477606b3d674be3dab5885e7674a14d6d58371bb9c28633b19b5aef5ba31adfe9d6b791abd9e92e033bd45fee37bd8d3de2e7da39cb8eddf4bf83ea6e7e3719e280f63577ff7a6d6d675bc012aa4df3691bbd717883e9c7f326b78ccd5dc78b33bbd526f677ccdf0deea2f6bc9d2fff39d0b7e4722f157de8523a3ad2af29741f377de9577a3ad49f2975aa6fdce76799dad2b6aeb4ab4fbd60fcb95bd6abf9f5bf848d69da114937c75976f14cf36abd5166dbeb74f664b2899b453ae7dc9b224e94644d327707f5dedd944b6d1a7e9b5983dae0fbf276bd2b6d9b555bbcd90b6f77de8cbdeb8297fce5856b173f4bfef3a00f3d2e0302003b);
INSERT INTO `produk` (`id_produk`, `nama_produk`, `kategori`, `jumlah`, `harga`, `id_supplier`, `barcode`) VALUES
('928921769852', 'TWS EDIFIER 3X', 'Accessories', 0, 570000, 'SPP5581', 0x47494638396159015700f00000000000ffffff2c00000000590157004008ff0003081c48b0a0c1830201281ca81080c1860f1b2e4408b160458217256a8ce8d0e2c6841f3186d42891e1c8890132a2bc883025c995284d76143993234792325596f43893254598355b0a1d4ab4a8cb9e3141063dea93a64d9e3943cabc09b4294ea55799029daa94abd0975ba18a3d68156c54a43b9d761daad3a8dbb76edb8e3ddbb2ec529d59bdd2c59a542bdaac80c31ed5fbf325e1c17313fbc55bb5afdcaf82e14a9eecd52ed5a5872df34d9bf924e7cd6719a3ad1cb970e0bb8efb76360cbab55ac49047539e2df9f1eaa6ab9f2e4e8d3a6d5ed760ff0a7e8c9be769dd876f7b16adbbf86be7b4a337e77db92ef5b1c1910397ba9db55fd2b2615bfff7aef9b5f6ddc2d34fc78c5db5f4f7cfafd3745e1efc6ff1dded8a66be16b66dd39e9d471f6fa7f1171f7b07c2a72059a5e1f75d610236f69983051228a181c43578d97f14bad72179cbc9075d7f232e381b87fa79581f89662956616ffb4908de8c6cb5f8e179caf916626fc9b587a089b47108e4904402296491482649d9914a5a97529341322425484f6264d1435066095f4f2655c9e595562634a596642e88a28508aee89f8d39ee35df8532b2185e89d9f5971b84c6ede8268db1f558669f7606fa20833cfa785f8aeae5991e86c369a8e8998512ba619c83f2399e9f7fe279a3a297ba0867a46e1eba23a3733afaa68ea00a9a23a9e5d1696aa6920aff8a68a7e6c9292a8c94866ae3717262ba19a438cabaab9e3e12c524aceb4538e19d07de5a9d6bba82882a9fae4aab2cada151eaacaac5225b14b09c6aca6c9db50e7a6b8c89ae59ea8fbf36a8e6aada72a7aeb1af7a6ba9b0cbe2bbdeb6a7ee991fb1f3f65aa3b59ea68926ab227a78afbdb16edaafb8fab69baab9f2be482ab50a4bccac9f88221c69b5be320ceec30d8fcb26be0646fb22c6e18dc76bb903e28a6aca0203ea20b25f320ca697537e99b36aecea4ca6cf3d8f1914d1620aadf4d24c37edf4d3504f36b2bf3027ec5d9bd0fe3b73a3ebd24b70d506cbec71b203876cefd45983bd6fc568526d71bc5d737b2ada37a30c30bf20cb2d34ddf76dff6c2bdb32bb3d2adc2c7bfdb2df60af9cf6b1353fcdb7bc88a3ab2ccd144b9b61dcb11d1e71c91a6b4db6cd259eed6edb103b4c2ed6956a7d71cdd56aeef0e477031e32e3228f1e78e9ad9efc21e56fa77bf9ecc34e1cf3a4becbae77e34e3f9eefeb7f4f38ebe283178f79eb01168c6de795e71e34eda2b76c77d8d7628ffab99f465bf8c0aebffbfdd8dd829e71eddeefaea27cf6194f32f98b12cefafbe4aa39fca370d39ed7cce62de5fd4f6de2fb9ee0b6c6c0f3d56d6eb60b96fc1a08bdf87dce71110c17e74ca7bbe7a52e7bb19b1eff8217be0df60f600bbb60f23248b212d6cf79a4fb60efccb7bfed91d07ab80b1eefea1530a819707ec22b5fc1ff76c8c0d5f5907ad3c2a10975982be4352c74056421d52227c4c4351184143c220f4f1844f001507a022cdbf1e047c5e5f9af8ae3039ce4bae34097550f814bb4dc1569c7bd28c6cf832e6cde19b3a8b210b61140498423ecb288b7115a70693ff4221c4fa7c00aaeb1727f2454fae837c41086d17d41eb1e01a3b6c24372f29375c4190f3fd9c94d925269a16c52ce1c97349eb5724c550ad329a1e49095142d69cbea482d33394b05ad12913bd3a5d1c8b2b35e2a0969ae4ce62f7f69cc663af399d08ca69612793d0e5ead91328c1e0db568c3af210e5e60b4da00c7a8c9cd4dd19c7aa424169f859e6dfe0e7d6ffce6fa02284e313e706f524c5b19b3d5ff45223ef265efcc5c3cd1694542da2f6ff7d4193573f8b10ec6107ffc7427d70c3750e615947d09b227144579c718e6515dfceae3eddac9c61a523490f29c204653d83e0c7674a41f7d641a615844fd71f3a4caab261789083c4fe2f3a5ec8c291ab10951ec0174a2f0442941c12952153ef17de5b468df082a53a2aab18a47c59c1b956a51a67aaea59ada28ac161ac7b5d1949d452529244d9ad49c325471d9f4a913994656a1e6af9f73d466496fdad67c3eb063f46c68374d99a9ba2af1857bf42756df18d0adba358e702de460c969c7321ed064d79ce002ffc958a40a94abea5369609d4a5a44fa75aa521daa661db9d8403616908f1de44ae70ad6a6ff195690e9c46bba446ac4d74ab2a2a1056c38053bce849291aa9043ee5d07b9d9d606948e37c4ed45475bdbd2a2f2b4c94ded722bb95bd5d9d4b7c4dbe75b2d594f4c72f2b6e255eb4c3db853cf42d79b4b9de770adcbd2eb025583768d28779bbbddb5f2f5b3b1e5ee6c7b482bb11616bb66546755571b57cebad6b38e45b04e99d85d028715aa9555ee6537c74806a7b5bd2294ab5af738613956f8bd84fd137a95abdf82f2b7c559ad2f8c150cc4f07e35a3e68dda8ab5dbe2f53e94c20e446280a73bdfea1ad9be96adb1123bccdeabf637c6b485e07dcbe5d5751e59c60a45f086ad19d21bf3f6bb1086ad84c76bd0b38e3195079ef239799c400f3b79ffc60fd6aa98d52c37e136f5ca51fe69921589d92e5bf97e4066ab71b9f8d12ac315cb16b6ad9695bc48878ef4c381feaf90c70c59f21257a318e6e89e4b6cd6c4e6b5a6d28ba48dd95ce9325fb2c0991eeba2f9cc6147a3f5cd46edac9c7f0b5a751a1a8579cef571b5bb65edf9f9d0de0db5a0234ce7bf1e8cba3846352f35ad6146f7d97e7706b489836cc8494eecd67cd4359a55bc6a4e1b0ada5e0eb644673d6a129379c028a62cb379edec5667b6c93475f073b718dd94da39dc89a66f968b8d5a73abd7aaf176ae7be90ddfaeca37da88de7699142e4d5a8eb2e1dc1671540d0c71874bbce2437bf8ba298ef12431bce344fa78c853bdf098b0e4e4496fa94976411e1793bb5ce5b6e138cbb1f4cae4b5529835e71966963d736206f3e6390f13cf7bfe152af9f0394687652c954ef4b74c04e7c3513a5282de74b80c7d68b2bc8b2ca55ef525311de74b7fa5ca99def56f917c9a2865ccd6c35e76a3a01ce6708f4a8adb4ef7badbbd690101003b),
('998547207979', 'Beterai Lenovo 4400 mAH', 'Part', 0, 300000, 'SPP9997', 0x47494638396159015700f10000000000ff0000ffffff0000002c00000000590157004108ff0005081c48b0a0c18302010458c8b0e14185010602984871e04282150b661440b1e344831b3782f4381200428e1f35a6c44832e1ca901e45ba3439f3a44c943169e22c6973a5c49c3a6fc2d4d933a8cf9348932a5dba53c0429f1713467d4a716ac49f446bce8cc953ebc3962cb386ed1a762856ac5c551a157b566ddaa663110a05da362edca27599eaddabd4acdc9760c9d6052ad6efd78e82d526c66978e8dbc147eda2053b97add7c9882f7bbd499633dfcf9f0d770eacb83463d2703d9f2e1c39afe6d590d73ededcfa3561d7774d63164ddbb25dd5a083f705ecdb71eddca9e99a563d1b39eeca8d8937e72d792be5c8ccb12b474e7db46fe1e0ffaeffc56bbdb876d9a8bb975ffcfc7c74f4997f1f877e9db579fb6f2be3f61ebeff52f5c9c5b7987102f656947ee20d585f6cd311475e590bea26e16ad401189b7f183e981d7c0f32989e83e221789882f1bdd7e07809ba1561752cde661b8848599861780012d8616f27eeb7de84ede1072381226e58527ee7dd48218c172625e38cc22dc9e4935066e864945456c9d79456b2c451964d9a44535020252426460f7169a6941291a92551597df4659a67c60965465411c4905457513591552d4af7218a878948e2903ffa59608046bac8dd7ceead98648c48caa9578d86266a68908c1e2ae4844402aae8a32476cade8b39f5a8a37cdf499aa2733866ea5d8eaf61ff36eaa23e7a7a6991b1922a2a8fba3a6aa09291aa3a1ca0afbabadc76a0aa689fa5b53efae9af232a5ba1b11096882baba80abb17a51caeeaa1a6c1caca2bad84da0a1fa6f7953b6dbad206bb2496da722b6eb4a8c28aadbd832aeb2cb2d086eaebbd8d5abb6caed96acb94bc3bd2fb2dba075e9b6fb5fb967a2cbbd5aecbecae05434aacc11a9f6aa3b7ad82bb31c4e30a9ab0897f7a1cb0c5201f39f2bbe172ccdfaacd995a1ec3213acc69c011dbbb69c5ee52bb5bd023cf2cf3985b1e1de6986022ada5467026adf4d14d475d35d24d5f3df5d65c77edf5d76087bd6d4a755a14d1535171d4d0554eb14deecdd76e68729fcd42fb2ca22d2b3a778f1827ff4b2f704ad31900546c4364f6da02a5fdb6cb46973bebdc180319b7d070bf4c39e3a49eea77d782132e91556be7e936ba3e67ba77e6fadacd2fde0a576e73eb982f0e38eb60230c5bdeb70e0cb0c8cc3aaebac419fb2bf0e32b13ad79bf5fdb5e33eab16f9eb0cabacf8b32ef04d3377cc9c55b5ef4c462d33ef1cf0b4f7edfe98b4b5f28f0ced3da77f5d9bf3e3bbcc22a8f9afbab734b3ee42b4aae3bf8ae332f3ccbd84adfd4e47728faa10f792463d1ebcc67aed2516c68dabbd8bf60b6bdad11907f017260c3a2b7b3bab1ee6eb683e0023bb83eeffded38038c59062fa7bfc6a54e81fe3bd9f934883be0ddaf7dcc7b9f0a5358c18fc1ae85dccb1907ffe9e6bb0fd64f85d603e0ff8c473001060e8995aaa1088318289d11f185d3c3d90fb773c35a01508715e421f4e6f5301042917a5bf46016c527c1ebc1507d13dc21023977463276708ac17be11849783e3ca62f894c4c630929783caad5f17977ec5f1e13b847babdc78f73ec951b1b89472d6a08854fec6114d3084913da7177c2eb59cad8e7c5402e31824d8ca4050f793b4e2af28fa3746502d7b83f1672d18a7c8b63185529c654762f6cf0fb652f0398c9420ad36bc13ca6cc924925ad0d104e59138997a056266566e96a6c8a9ad4a4f6264c5a7346ce0c1c34c7e9b46d16e69b66aa5a9bac46cda485139df08ca73ce749cf28758e626f511ce96229ff375cc6b095b474a12375d9c62f7a939971baa79d1a62b8c485cea1576c9e2af195c859ce909fb6b4a13fe138495e7ad49034291b44f1841587b42da266d4241a1fc6c0f0d5f2818aeca2ba02094663724ca166fb9ce8a8c22703d2b08a431c21402f8a460cea6da3804425313dc9359c8e546da2ab4a4f73784495ca948fe6ea6408638a541ccaeea07204a9433d475287a24d7428ad2af4ae3ad0acbe72a25e656b25d908ac5d8a95949ff42946c7d7d521462e7702cd654741d92ea5d6d497cb64e5f2be7a40a6b6929292146551333a48ca12d497083dd30533aad533ca35b2bffbe929852a5883a6cab1c3fcd962f73959be06f59f7f3d175d057959daff0e969088bda962e747d5c6daafafa10ced5e0b6a4aac9a76583635d86661bac2d66e90787ecd1f60a938da7f9696a660b56b62559ad7de8a568f78c5aa642d69dce2b6f5b8754d6ebc765b40ef0e5788d00dae117dcbcab9be96a3e8ed586e95cb5ea34e77919ff4af1a894adef39af7ba86cdae7ae3d75fcebed5b1148d684b43566004935692f9bde469b7dbc8d58aefbb8c0c6f5bc73bdbea96afbc093e6d66d3d960e60211c08824ec8885ebdc1a56d6c5b77c2972f7bb5eeec658af35066a7cc54be30a63f8c0474ef18e97ca61117bf8a5200eb0832ddac0f7da56892836e09267d764193fb958412e2264394a621ddbb8b62636328c57e9e3c75634ffa56b052e91e71be5245f18bfd8557158bbac5ade32b6ce6e96b160cb1c583b5bd7d08cddb237f94cad2f7fcfca6216f1a08b5ce22c1f1acf4a4e2f8f19dc6647d70bd2e0153468e90c6a032b35cd953ee18675db693fb356cd11166a6c3bdb66fb0e196899d62f9359dd61577fb8d452c6f180ab1c664b9fd8d45ad6f4aef9dbeaf6fe19d831167011034a5d637f36766a76e25dbdec6b28433bd0d2c62281536de14b2735d9bae632af9ddc6d30c33a962c9521b1df5dca535b9bdcd546668b7bf7e0dfde177f6e7c312ceb7de773f756d1ab6676af9dfd6a7c837bca136e2ebd676a6f641f5cd9ea5638bb19feeb628758d464a6b499af8c644ca35bc3dda35b2ebf250a61785734e202872bc1cd1d57876b9bd109afa79c56ac737bee79ddcbeeb9667f2ef4a16b17e8192f3a9778ae7429119dc5399794347d5220f42cb8e9aabe685e928e75b968d382e474e75f96d6ceae5fe9ebea6c67d6ccee9f2f455db32e190c3bd74976b66f4b9bd944899a98e6f672da3d3429c7dad22853cdbfdf5df05ef77bd8df6e78aeef9cea903f27da9d6d788545eff28baebce637cff9ee0504003b);

-- --------------------------------------------------------

--
-- Table structure for table `promo`
--

CREATE TABLE `promo` (
  `kode_diskon` char(9) NOT NULL DEFAULT 'Tidak Ada',
  `minimum` int(7) NOT NULL,
  `diskon` int(7) NOT NULL,
  `status` char(11) NOT NULL
) ENGINE=InnoDB DEFAULT CHARSET=utf8mb4 COLLATE=utf8mb4_general_ci;

--
-- Dumping data for table `promo`
--

INSERT INTO `promo` (`kode_diskon`, `minimum`, `diskon`, `status`) VALUES
('DSC5301', 35000, 5000, 'Active'),
('DSC6187', 8000, 1000, 'Active');

-- --------------------------------------------------------

--
-- Table structure for table `restock`
--

CREATE TABLE `restock` (
  `id_transaksi` char(7) NOT NULL,
  `nama_produk` varchar(35) NOT NULL,
  `jumlah` int(10) NOT NULL,
  `harga` int(10) NOT NULL,
  `id_supplier` char(7) NOT NULL,
  `id_produk` char(13) NOT NULL,
  `total` int(10) NOT NULL,
  `tanggal` date NOT NULL
) ENGINE=InnoDB DEFAULT CHARSET=utf8mb4 COLLATE=utf8mb4_general_ci;

--
-- Dumping data for table `restock`
--

INSERT INTO `restock` (`id_transaksi`, `nama_produk`, `jumlah`, `harga`, `id_supplier`, `id_produk`, `total`, `tanggal`) VALUES
('RST0001', 'softcase samsung', 10, 15000, 'SPA6044', '734860721988', 150000, '2024-05-06'),
('RST0150', 'softcase samsung', 3, 15000, 'SPA6044', '734860721988', 45000, '2024-05-05'),
('RST0978', 'kabel otg', 3, 10000, 'SPE7604', '411891389826', 30000, '2024-05-11'),
('RST5267', 'softcase samsung', 2, 10000, 'SPP5581', '734860721988', 20000, '2024-05-05'),
('RST5893', 'LCD Oppo A5s', 2, 450000, 'SPP9997', '281835784436', 900000, '2024-05-11'),
('RST8120', 'power bank samsung', 1, 50000, 'SPE7604', '771398559532', 50000, '2024-03-31');

--
-- Triggers `restock`
--
DELIMITER $$
CREATE TRIGGER `DELETE_RESTOCK_DATA` AFTER DELETE ON `restock` FOR EACH ROW BEGIN
    UPDATE produk 
    SET jumlah = jumlah - OLD.jumlah
    WHERE id_produk = OLD.id_produk;
END
$$
DELIMITER ;
DELIMITER $$
CREATE TRIGGER `UPDATE_RESTOCK` AFTER UPDATE ON `restock` FOR EACH ROW BEGIN
    DECLARE selisih INT;
    
    SET selisih = NEW.jumlah - OLD.jumlah;
    
    UPDATE produk 
    SET jumlah = jumlah + selisih
    WHERE id_produk = NEW.id_produk;
END
$$
DELIMITER ;
DELIMITER $$
CREATE TRIGGER `restock_produk` AFTER INSERT ON `restock` FOR EACH ROW BEGIN
    DECLARE product_count INT;
    SELECT jumlah INTO product_count FROM produk WHERE id_produk = NEW.id_produk;
    UPDATE produk SET jumlah = product_count + NEW.jumlah WHERE id_produk = NEW.id_produk;
END
$$
DELIMITER ;

-- --------------------------------------------------------

--
-- Table structure for table `supplier`
--

CREATE TABLE `supplier` (
  `id_supplier` char(7) NOT NULL,
  `nama_supplier` varchar(25) NOT NULL,
  `tlp_supplier` char(13) NOT NULL,
  `kategori` varchar(30) NOT NULL
) ENGINE=InnoDB DEFAULT CHARSET=utf8mb4 COLLATE=utf8mb4_general_ci;

--
-- Dumping data for table `supplier`
--

INSERT INTO `supplier` (`id_supplier`, `nama_supplier`, `tlp_supplier`, `kategori`) VALUES
('SPA6044', 'huda', '098765432123', 'Accessories'),
('SPC0624', 'Azkia', '086543675434', 'Phone credit/Internet credit'),
('SPC7412', 'huda', '085292347123', 'Phone credit/Internet credit'),
('SPE1946', 'azka', '085235671867', 'Electronic'),
('SPE7604', 'ramzi farhan', '085234543214', 'Electronic'),
('SPP5581', 'nana', '085678564321', 'Accessories'),
('SPP9997', 'Azkia', '085676234512', 'Part');

-- --------------------------------------------------------

--
-- Table structure for table `transaksi`
--

CREATE TABLE `transaksi` (
  `id_transaksi` char(11) NOT NULL,
  `tanggal` date NOT NULL,
  `total` int(10) NOT NULL
) ENGINE=InnoDB DEFAULT CHARSET=utf8mb4 COLLATE=utf8mb4_general_ci;

--
-- Dumping data for table `transaksi`
--

INSERT INTO `transaksi` (`id_transaksi`, `tanggal`, `total`) VALUES
('00392641767', '2024-05-07', 50000),
('01165596265', '2024-05-11', 545000),
('05987348907', '2024-04-01', 95000),
('06076523202', '2024-04-01', 75000),
('06905375156', '2024-05-06', 50000),
('08104219963', '2024-05-03', 1500000),
('08950620351', '2024-04-27', 1000000),
('09329292749', '2024-05-11', 625000),
('14625827722', '2024-05-03', 30000),
('15391406142', '2024-04-28', 65000),
('15413970922', '2024-04-19', 30000),
('15994856291', '2024-05-05', 500000),
('16967730772', '2024-04-27', 620000),
('17361024939', '2024-04-28', 10000),
('17456321465', '2024-05-07', 95000),
('17664316029', '2024-05-11', 465000),
('18149401197', '2024-04-19', 50000),
('18928172766', '2024-05-03', 1500000),
('20344660410', '2024-04-27', 90000),
('21326507714', '2024-04-28', 20000),
('25719957538', '2024-04-29', 2500000),
('26046600971', '2024-04-30', 500000),
('26948541719', '2024-05-04', 485000),
('27828796026', '2024-04-27', 120000),
('27942753372', '2024-05-11', 500000),
('28620048693', '2024-04-30', 1000000),
('29086249704', '2024-04-30', 500000),
('30446168854', '2024-05-05', 30000),
('30522574317', '2024-04-28', 10000),
('30656360938', '2024-04-01', 75000),
('34985461004', '2024-05-11', 150000),
('36102347620', '2024-05-05', 600000),
('38098902452', '2024-04-27', 130000),
('40059326347', '2024-05-05', 20000),
('41814979251', '2024-04-27', 20000),
('43370344458', '2024-05-05', 30000),
('43441606472', '2024-05-11', 1099000),
('45046103948', '2024-04-28', 10000),
('45674876256', '2024-03-31', 500000),
('46973519414', '2024-04-28', 65000),
('47226445572', '2024-04-27', 265000),
('48018463583', '2024-05-05', 1000000),
('48350495699', '2024-04-19', 70000),
('49179856903', '2024-04-28', 10000),
('49302659501', '2024-05-05', 600000),
('49544170137', '2024-04-28', 10000),
('50502750978', '2024-04-01', 100000),
('51591508934', '2024-04-27', 120000),
('51609829986', '2024-04-01', 85000),
('51690128659', '2024-04-01', 100000),
('53728477581', '2024-05-03', 1000000),
('56261514988', '2024-04-19', 70000),
('56702111984', '2024-05-03', 40000),
('57683918477', '2024-04-19', 0),
('59814989975', '2024-04-30', 525000),
('61228336763', '2024-04-30', 1000000),
('61914487423', '2024-05-05', 50000),
('62043854707', '2024-04-19', 35000),
('65185918963', '2024-05-11', 995000),
('65681876166', '2024-05-03', 60000),
('65904548420', '2024-04-29', 250000),
('70289683041', '2024-05-05', 500000),
('70534407879', '2024-05-05', 15000),
('73199235039', '2024-04-20', 20000),
('74409715157', '2024-05-05', 75000),
('74502554966', '2024-04-01', 100000),
('74506683162', '2024-04-28', 30000),
('75122563656', '2024-04-19', 70000),
('76083584503', '2024-05-05', 45000),
('76825519270', '2024-04-01', 50000),
('77898530584', '2024-05-03', 2060000),
('80487712198', '2024-05-05', 500000),
('81020840280', '2024-05-02', 1000000),
('82667692493', '2024-05-06', 150000),
('85105707374', '2024-04-23', 90000),
('85428290727', '2024-04-28', 10000),
('86650763615', '2024-05-05', 600000),
('87354672319', '2024-03-27', 800000),
('87629898556', '2024-04-29', 2500000),
('87659345239', '2024-03-29', 195000),
('90342266220', '2024-05-11', 1095000),
('91361254688', '2024-04-28', 20000),
('92563000658', '2024-04-27', 90000),
('96861470307', '2024-04-01', 80000),
('97445558489', '2024-04-28', 110000),
('97695007556', '2024-04-29', 40000),
('98226618082', '2024-04-29', 1000000),
('98764568732', '2024-03-25', 50000);

-- --------------------------------------------------------

--
-- Table structure for table `transaksi_detail`
--

CREATE TABLE `transaksi_detail` (
  `id_transaksi` char(11) DEFAULT NULL,
  `product_id` char(13) DEFAULT NULL,
  `quantity` int(10) NOT NULL,
  `subtotal` int(10) NOT NULL,
  `tanggal` date NOT NULL
) ENGINE=InnoDB DEFAULT CHARSET=utf8mb4 COLLATE=utf8mb4_general_ci;

--
-- Dumping data for table `transaksi_detail`
--

INSERT INTO `transaksi_detail` (`id_transaksi`, `product_id`, `quantity`, `subtotal`, `tanggal`) VALUES
('45674876256', '734860721988', 1, 500000, '2024-03-31'),
('06076523202', '771398559532', 1, 75000, '2024-04-01'),
('76825519270', '734860721988', 3, 60000, '2024-04-01'),
('96861470307', '734860721988', 3, 60000, '2024-04-01'),
('96861470307', '529869193099', 1, 20000, '2024-04-01'),
('05987348907', '529869193099', 1, 20000, '2024-04-01'),
('05987348907', '771398559532', 1, 75000, '2024-04-01'),
('51609829986', '529869193099', 1, 20000, '2024-04-01'),
('51609829986', '771398559532', 1, 75000, '2024-04-01'),
('18149401197', '734860721988', 1, 20000, '2024-04-19'),
('56261514988', '734860721988', 1, 20000, '2024-04-19'),
('75122563656', '734860721988', 1, 20000, '2024-04-19'),
('85105707374', '201907220757', 3, 90000, '2024-04-23'),
('51591508934', '201907220757', 4, 120000, '2024-04-27'),
('20344660410', '201907220757', 3, 90000, '2024-04-27'),
('27828796026', '201907220757', 4, 120000, '2024-04-27'),
('08950620351', '667472620390', 2, 1000000, '2024-04-27'),
('92563000658', '201907220757', 2, 60000, '2024-04-27'),
('47226445572', '529869193099', 2, 40000, '2024-04-27'),
('47226445572', '771398559532', 3, 225000, '2024-04-27'),
('16967730772', '201907220757', 4, 120000, '2024-04-27'),
('16967730772', '667472620390', 1, 500000, '2024-04-27'),
('41814979251', '734860721988', 1, 20000, '2024-04-27'),
('74506683162', '529869193099', 2, 40000, '2024-04-28'),
('15391406142', '529869193099', 2, 40000, '2024-04-28'),
('46973519414', '529869193099', 2, 40000, '2024-04-28'),
('97445558489', '529869193099', 3, 60000, '2024-04-28'),
('98226618082', '667472620390', 2, 1000000, '2024-04-29'),
('25719957538', '667472620390', 2, 1000000, '2024-04-29'),
('25719957538', '667472620390', 3, 1500000, '2024-04-29'),
('87629898556', '667472620390', 2, 1000000, '2024-04-29'),
('87629898556', '667472620390', 3, 1500000, '2024-04-29'),
('97695007556', '529869193099', 1, 20000, '2024-04-29'),
('97695007556', '734860721988', 1, 20000, '2024-04-29'),
('61228336763', '667472620390', 2, 1000000, '2024-04-30'),
('28620048693', '667472620390', 2, 1000000, '2024-04-30'),
('26046600971', '667472620390', 1, 500000, '2024-04-30'),
('29086249704', '667472620390', 1, 500000, '2024-04-30'),
('59814989975', '667472620390', 1, 500000, '2024-04-30'),
('81020840280', '667472620390', 2, 1000000, '2024-05-02'),
('56702111984', '529869193099', 2, 40000, '2024-05-03'),
('77898530584', '734860721988', 3, 60000, '2024-05-03'),
('14625827722', '201907220757', 1, 30000, '2024-05-03'),
('53728477581', '667472620390', 2, 1000000, '2024-05-03'),
('08104219963', '667472620390', 3, 1500000, '2024-05-03'),
('18928172766', '667472620390', 3, 1500000, '2024-05-03'),
('65681876166', '201907220757', 2, 60000, '2024-05-03'),
('26948541719', '667472620390', 1, 500000, '2024-05-04'),
('80487712198', '654226520797', 1, 500000, '2024-05-05'),
('70289683041', '654226520797', 1, 500000, '2024-05-05'),
('15994856291', '654226520797', 1, 500000, '2024-05-05'),
('74409715157', '771398559532', 1, 75000, '2024-05-05'),
('70534407879', '411891389826', 1, 15000, '2024-05-05'),
('40059326347', '734860721988', 1, 20000, '2024-05-05'),
('43370344458', '201907220757', 1, 30000, '2024-05-05'),
('30446168854', '201907220757', 1, 30000, '2024-05-05'),
('92563000658', '654226520797', 2, 100000, '2024-05-05'),
('82667692493', '312250612450', 3, 150000, '2024-05-06'),
('17456321465', '201907220767', 1, 100000, '2024-05-07'),
('01165596265', '529869193099', 1, 20000, '2024-05-11'),
('01165596265', '411891389826', 2, 30000, '2024-05-11'),
('01165596265', '654226520797', 1, 500000, '2024-05-11'),
('65185918963', '654226520797', 2, 1000000, '2024-05-11'),
('90342266220', '281835784436', 2, 1100000, '2024-05-11'),
('43441606472', '281835784436', 2, 1100000, '2024-05-11'),
('34985461004', '201907220757', 5, 150000, '2024-05-11'),
('27942753372', '654226520797', 1, 500000, '2024-05-11'),
('17664316029', '523158982119', 1, 415000, '2024-05-11'),
('09329292749', '281835784436', 1, 550000, '2024-05-11');

--
-- Triggers `transaksi_detail`
--
DELIMITER $$
CREATE TRIGGER `UpdateStockProduct` AFTER INSERT ON `transaksi_detail` FOR EACH ROW BEGIN
    UPDATE produk
    SET jumlah = jumlah - NEW.quantity
    WHERE id_produk = NEW.product_id;
END
$$
DELIMITER ;

-- --------------------------------------------------------

--
-- Table structure for table `transaksi_member`
--

CREATE TABLE `transaksi_member` (
  `id_transaksi` char(11) DEFAULT NULL,
  `id_member` char(10) DEFAULT NULL
) ENGINE=InnoDB DEFAULT CHARSET=utf8mb4 COLLATE=utf8mb4_general_ci;

--
-- Dumping data for table `transaksi_member`
--

INSERT INTO `transaksi_member` (`id_transaksi`, `id_member`) VALUES
('87659345239', 'MBR9883'),
('76825519270', 'MBR9883'),
('96861470307', 'MBR9883'),
('51609829986', 'MBR9883'),
('38098902452', 'MBR5159'),
('92563000658', 'MBR9883'),
('26948541719', 'MBR9883'),
('17456321465', 'MBR5159'),
('01165596265', 'MBR5159'),
('65185918963', 'MBR9883'),
('90342266220', 'MBR9883'),
('43441606472', 'MBR7538');

-- --------------------------------------------------------

--
-- Table structure for table `transaksi_servis`
--

CREATE TABLE `transaksi_servis` (
  `id_transaksi` char(11) NOT NULL,
  `nama_customer` varchar(25) NOT NULL,
  `tlp_customer` char(13) NOT NULL,
  `alamat_customer` varchar(50) NOT NULL,
  `biaya` int(10) NOT NULL,
  `keterangan` varchar(50) NOT NULL,
  `tanggal` date NOT NULL
) ENGINE=InnoDB DEFAULT CHARSET=utf8mb4 COLLATE=utf8mb4_general_ci;

--
-- Dumping data for table `transaksi_servis`
--

INSERT INTO `transaksi_servis` (`id_transaksi`, `nama_customer`, `tlp_customer`, `alamat_customer`, `biaya`, `keterangan`, `tanggal`) VALUES
('87354672319', 'ilman', '085676534532', 'sragen', 50000, 'service tombol', '2024-03-27'),
('98764568732', 'azka', '086575423413', 'nganjuk', 50000, 'service layar', '2024-03-25'),
('75122563656', 'nana', 'sragen', 'nana', 50000, 'service tombol power', '2024-04-19'),
('73199235039', 'ilman', 'sragen', 'ilman', 20000, 'service tombol volume', '2024-04-20'),
('91361254688', 'ilman', 'sragen', 'ilman', 20000, 'service tombol', '2024-04-28'),
('17361024939', 'nana', 'nganjuk', 'nana', 10000, 'servise speaker', '2024-04-28'),
('21326507714', 'afi', 'nganjuk', '085678543214', 20000, 'repair kamera', '2024-04-28'),
('30522574317', 'azka', '086543212345', 'nganjuk', 10000, 'service', '2024-04-28'),
('49179856903', 'nana', '086543212345', 'nganjuk', 10000, 'servis', '2024-04-28'),
('85428290727', 'nana', '086543213456', 'nganjuk', 0, 'service', '2024-04-28'),
('45046103948', 'nana', '086543213456', 'jember', 10000, 'service', '2024-04-28'),
('74506683162', 'nana', '086543213456', 'jember', 10000, 'service', '2024-04-28'),
('15391406142', 'azka', '085678543456', 'nganjuk', 25000, 'service volume', '2024-04-28'),
('46973519414', 'azka', '085678543456', 'nganjuk', 25000, 'service volume', '2024-04-28'),
('97445558489', 'azkia', '085674532456', 'nganjuk', 50000, 'servis lcd', '2024-04-28'),
('65904548420', 'azka', '085675432123', 'baron', 250000, 'servis volume', '2024-04-29'),
('59814989975', 'ilman', '085678765432', 'nganjuk', 25000, 'servis tombol', '2024-04-30'),
('61914487423', 'nana', '085675645432', 'sragen', 50000, 'servis speaker', '2024-05-05'),
('76083584503', 'azka', '085678765432', 'baron', 45000, 'servis speaker', '2024-05-05'),
('06905375156', 'ali', '087654564323', 'baron', 50000, 'servis volume', '2024-05-06'),
('00392641767', 'azka', '086787654323', 'baron', 50000, 'servis tombol', '2024-05-07'),
('17664316029', 'ilman', '085676543212', 'sragen', 50000, 'servis lcd', '2024-05-11'),
('09329292749', 'ilman', '085678765432', 'sragen', 25000, 'servis tombol', '2024-05-11'),
('09329292749', 'ilman', '085678765432', 'sragen', 50000, 'ganti lcd', '2024-05-11');

--
-- Indexes for dumped tables
--

--
-- Indexes for table `akun`
--
ALTER TABLE `akun`
  ADD PRIMARY KEY (`id_akun`),
  ADD KEY `id_user` (`id_user`);

--
-- Indexes for table `data_pengguna`
--
ALTER TABLE `data_pengguna`
  ADD PRIMARY KEY (`id_user`);

--
-- Indexes for table `detail_transaksi_diskon`
--
ALTER TABLE `detail_transaksi_diskon`
  ADD KEY `kode_diskon` (`kode_diskon`),
  ADD KEY `id_transaksi` (`id_transaksi`);

--
-- Indexes for table `laporan`
--
ALTER TABLE `laporan`
  ADD PRIMARY KEY (`id_laporan`),
  ADD UNIQUE KEY `tanggal` (`tanggal`),
  ADD KEY `id_user` (`id_user`);

--
-- Indexes for table `member`
--
ALTER TABLE `member`
  ADD PRIMARY KEY (`id_member`);

--
-- Indexes for table `produk`
--
ALTER TABLE `produk`
  ADD PRIMARY KEY (`id_produk`),
  ADD KEY `id_supplier` (`id_supplier`);

--
-- Indexes for table `promo`
--
ALTER TABLE `promo`
  ADD PRIMARY KEY (`kode_diskon`);

--
-- Indexes for table `restock`
--
ALTER TABLE `restock`
  ADD PRIMARY KEY (`id_transaksi`),
  ADD KEY `id_supplier` (`id_supplier`),
  ADD KEY `id_produk` (`id_produk`);

--
-- Indexes for table `supplier`
--
ALTER TABLE `supplier`
  ADD PRIMARY KEY (`id_supplier`);

--
-- Indexes for table `transaksi`
--
ALTER TABLE `transaksi`
  ADD PRIMARY KEY (`id_transaksi`);

--
-- Indexes for table `transaksi_detail`
--
ALTER TABLE `transaksi_detail`
  ADD KEY `product_id` (`product_id`),
  ADD KEY `id_transaksi` (`id_transaksi`);

--
-- Indexes for table `transaksi_member`
--
ALTER TABLE `transaksi_member`
  ADD KEY `id_member` (`id_member`),
  ADD KEY `id_transaksi` (`id_transaksi`);

--
-- Indexes for table `transaksi_servis`
--
ALTER TABLE `transaksi_servis`
  ADD KEY `id_transaksi` (`id_transaksi`);

--
-- AUTO_INCREMENT for dumped tables
--

--
-- AUTO_INCREMENT for table `laporan`
--
ALTER TABLE `laporan`
  MODIFY `id_laporan` int(7) NOT NULL AUTO_INCREMENT, AUTO_INCREMENT=877042;

--
-- Constraints for dumped tables
--

--
-- Constraints for table `akun`
--
ALTER TABLE `akun`
  ADD CONSTRAINT `akun_ibfk_1` FOREIGN KEY (`id_user`) REFERENCES `data_pengguna` (`id_user`) ON DELETE CASCADE ON UPDATE CASCADE;

--
-- Constraints for table `detail_transaksi_diskon`
--
ALTER TABLE `detail_transaksi_diskon`
  ADD CONSTRAINT `detail_transaksi_diskon_ibfk_2` FOREIGN KEY (`kode_diskon`) REFERENCES `promo` (`kode_diskon`) ON DELETE CASCADE ON UPDATE CASCADE,
  ADD CONSTRAINT `detail_transaksi_diskon_ibfk_3` FOREIGN KEY (`id_transaksi`) REFERENCES `transaksi` (`id_transaksi`) ON DELETE CASCADE ON UPDATE CASCADE;

--
-- Constraints for table `produk`
--
ALTER TABLE `produk`
  ADD CONSTRAINT `produk_ibfk_1` FOREIGN KEY (`id_supplier`) REFERENCES `supplier` (`id_supplier`) ON DELETE CASCADE ON UPDATE CASCADE;

--
-- Constraints for table `restock`
--
ALTER TABLE `restock`
  ADD CONSTRAINT `restock_ibfk_1` FOREIGN KEY (`id_supplier`) REFERENCES `supplier` (`id_supplier`) ON DELETE CASCADE ON UPDATE CASCADE,
  ADD CONSTRAINT `restock_ibfk_2` FOREIGN KEY (`id_produk`) REFERENCES `produk` (`id_produk`) ON DELETE CASCADE ON UPDATE CASCADE;

--
-- Constraints for table `transaksi_detail`
--
ALTER TABLE `transaksi_detail`
  ADD CONSTRAINT `transaksi_detail_ibfk_2` FOREIGN KEY (`product_id`) REFERENCES `produk` (`id_produk`) ON DELETE CASCADE ON UPDATE CASCADE,
  ADD CONSTRAINT `transaksi_detail_ibfk_3` FOREIGN KEY (`id_transaksi`) REFERENCES `transaksi` (`id_transaksi`) ON DELETE CASCADE ON UPDATE CASCADE;

--
-- Constraints for table `transaksi_member`
--
ALTER TABLE `transaksi_member`
  ADD CONSTRAINT `transaksi_member_ibfk_2` FOREIGN KEY (`id_member`) REFERENCES `member` (`id_member`) ON DELETE CASCADE ON UPDATE CASCADE,
  ADD CONSTRAINT `transaksi_member_ibfk_3` FOREIGN KEY (`id_transaksi`) REFERENCES `transaksi` (`id_transaksi`) ON DELETE CASCADE ON UPDATE CASCADE;

--
-- Constraints for table `transaksi_servis`
--
ALTER TABLE `transaksi_servis`
  ADD CONSTRAINT `transaksi_servis_ibfk_1` FOREIGN KEY (`id_transaksi`) REFERENCES `transaksi` (`id_transaksi`) ON DELETE CASCADE ON UPDATE CASCADE;
COMMIT;

/*!40101 SET CHARACTER_SET_CLIENT=@OLD_CHARACTER_SET_CLIENT */;
/*!40101 SET CHARACTER_SET_RESULTS=@OLD_CHARACTER_SET_RESULTS */;
/*!40101 SET COLLATION_CONNECTION=@OLD_COLLATION_CONNECTION */;
